id,text,source,user_id,truncated,in_reply_to_status_id,in_reply_to_user_id,in_reply_to_screen_name,retweeted_status_id,geo,place,contributors,retweet_count,reply_count,favorite_count,favorited,retweeted,possibly_sensitive,num_hashtags,num_urls,num_mentions,created_at,timestamp,crawled_at,updated,Bot,Fraud
572927335374061568,"RT @OnlyHipHopFacts: As of the first quarter of 2015, @Drake has more hit rap records than The Notorious B.I.G. or LL Cool J. http://t.co/iâ¦","<a href=""http://twitter.com/download/iphone"" rel=""nofollow"">Twitter for iPhone</a>",1925081953.0,,0.0,0.0,,5.7292699121883546e+17,,,,601.0,0.0,0.0,,,,0.0,0.0,2.0,Wed Mar 04 01:11:35 +0000 2015,2015-03-04 02:11:35,2015-05-01 13:30:33,2015-05-01 13:30:33,0,0.5
456884908992901120,Momma would yell at me then talk to me normally 2 seconds later as if nothing ever happened.,"<a href=""http://twitter.com/download/android"" rel=""nofollow"">Twitter for Android</a>",216940212.0,,0.0,0.0,,0.0,,,,0.0,0.0,0.0,,,,0.0,0.0,0.0,Thu Apr 17 20:00:25 +0000 2014,2014-04-17 22:00:25,2015-05-01 15:47:44,2015-05-01 15:47:44,0,0.4063936790098926
434581500655198208,RT @NaturesRecipe: Retweet if your #dog is as helpful as this. http://t.co/VeWxq0rBgj,"<a href=""http://twitter.com/download/android"" rel=""nofollow"">Twitter for Android</a>",2263565293.0,,0.0,0.0,,4.3369262072059494e+17,,,,8162.0,0.0,0.0,,,,1.0,0.0,1.0,Sat Feb 15 06:54:38 +0000 2014,2014-02-15 07:54:38,2015-05-01 15:02:34,2015-05-01 15:02:34,0,0.46647078716047
531939876719972352,RT @SoDamnTrue: Me when I die probably http://t.co/7zuuBLB6Va,"<a href=""http://twitter.com/download/iphone"" rel=""nofollow"">Twitter for iPhone</a>",1668189836.0,,0.0,0.0,,5.319210172840919e+17,,,,3646.0,0.0,0.0,,,,0.0,0.0,1.0,Mon Nov 10 22:42:04 +0000 2014,2014-11-10 23:42:04,2015-05-01 13:04:27,2015-05-01 13:04:27,0,0.5539102415978638
444682247887536128,SUMMER NA!  Training pa para sa CAT :3,"<a href=""http://twitter.com/download/android"" rel=""nofollow"">Twitter for Android</a>",1886647662.0,,0.0,0.0,,0.0,,,,0.0,0.0,2.0,,,,0.0,0.0,0.0,Sat Mar 15 03:51:24 +0000 2014,2014-03-15 04:51:24,2015-05-01 13:23:22,2015-05-01 13:23:22,0,0.41493509391400896
396424906394443777,How a winky face can completely alter a conversation. #woah #funny,"<a href=""http://twitter.com/download/android"" rel=""nofollow"">Twitter for Android</a>",186978312.0,,0.0,0.0,,0.0,,,,0.0,0.0,1.0,,,,2.0,0.0,0.0,Fri Nov 01 23:53:57 +0000 2013,2013-11-02 00:53:57,2015-05-01 13:49:57,2015-05-01 13:49:57,0,0.6431714858123716
587614843953266689,"RT @MarkKriski: Spun out &amp;hit wall lap5 @TheIEC Celeb @NASCAR race. Alls good, finished. Video 2moro @KTLAMorningNews! Pic of gang http://tâ¦","<a href=""http://twitter.com/download/android"" rel=""nofollow"">Twitter for Android</a>",18459813.0,,0.0,0.0,,5.873237450076406e+17,,,,3.0,0.0,0.0,,,,0.0,0.0,4.0,Mon Apr 13 13:54:30 +0000 2015,2015-04-13 15:54:30,2015-05-01 13:54:23,2015-05-01 13:54:23,0,0.5217229323452635
556219041954549760,"RT @Chris_Gammell: Billionaire CEO tweets his rocket blowing up on failed drone ship landing, makes jokes about it. I love the future. httpâ¦","<a href=""http://twitter.com"" rel=""nofollow"">Twitter Web Client</a>",183247631.0,,0.0,0.0,,5.562003754146939e+17,,,,9.0,0.0,0.0,,,,0.0,1.0,1.0,Fri Jan 16 22:38:48 +0000 2015,2015-01-16 23:38:48,2015-05-01 13:43:26,2015-05-01 13:43:27,0,0.5
318523389239234562,"Had a bless Easter Sunday! Church, family, and food! Funny how we run around preparing for holidays and it all just falls into place!","<a href=""http://twitter.com"" rel=""nofollow"">Twitter Web Client</a>",524913626.0,,0.0,0.0,,0.0,,,,0.0,0.0,0.0,,,,0.0,0.0,0.0,Mon Apr 01 00:41:08 +0000 2013,2013-04-01 02:41:08,2015-05-01 13:32:08,2015-05-01 13:32:08,0,0.4412912836806096
592804797251719168,"@Harry_Styles Thanks forbringing so much love &amp; hope toour lives... hope you're well!maybe if it's ok FOLLOW ME&amp; @cutesyzourry? x120,432","<a href=""https://about.twitter.com/products/tweetdeck"" rel=""nofollow"">TweetDeck</a>",219845841.0,,0.0,181561712.0,Harry_Styles,0.0,,,,1.0,0.0,0.0,,,,0.0,0.0,2.0,Mon Apr 27 21:37:32 +0000 2015,2015-04-27 23:37:32,2015-05-01 15:50:46,2015-05-01 15:50:46,0,0.41830673562756854
496496208408367104,@soft_grunjili that's actually a fantastic excuse,"<a href=""http://twitter.com/download/iphone"" rel=""nofollow"">Twitter for iPhone</a>",165277911.0,,4.964959867477852e+17,1692449227.0,soft_grunjili,0.0,,,,0.0,0.0,0.0,,,,0.0,0.0,1.0,Tue Aug 05 03:21:35 +0000 2014,2014-08-05 05:21:35,2015-05-01 13:23:52,2015-05-01 13:23:52,0,0.5264019146424976
592523101759410176,@saamantharobles it was fun wow,"<a href=""http://twitter.com/download/iphone"" rel=""nofollow"">Twitter for iPhone</a>",536684415.0,,5.925057663444132e+17,2653064539.0,saamantharobles,0.0,,,,0.0,0.0,0.0,,,,0.0,0.0,1.0,Mon Apr 27 02:58:10 +0000 2015,2015-04-27 04:58:10,2015-05-01 13:38:59,2015-05-01 13:38:59,0,0.6337000134186636
533278913020325888,Oooooo!!!,"<a href=""http://twitter.com/download/iphone"" rel=""nofollow"">Twitter for iPhone</a>",574809536.0,,0.0,0.0,,0.0,,,,0.0,0.0,0.0,,,,0.0,0.0,0.0,Fri Nov 14 15:22:55 +0000 2014,2014-11-14 16:22:55,2015-05-01 14:53:59,2015-05-01 14:53:59,0,0.4865361062022595
423828181582614528,"And all I want is what I can't buy now, cause I ain't got the money on me right now","<a href=""http://twitter.com/download/iphone"" rel=""nofollow"">Twitter for iPhone</a>",225618739.0,,0.0,0.0,,0.0,,,,0.0,0.0,2.0,,,,0.0,0.0,0.0,Thu Jan 16 14:44:47 +0000 2014,2014-01-16 15:44:47,2015-05-01 15:57:42,2015-05-01 15:57:42,0,0.5
514904841177407488,RT @5SOS: Hi ,"<a href=""http://twitter.com/download/android"" rel=""nofollow"">Twitter for Android</a>",1886647662.0,,0.0,0.0,,5.1490079320468685e+17,,,,24487.0,0.0,0.0,,,,0.0,0.0,1.0,Wed Sep 24 22:30:55 +0000 2014,2014-09-25 00:30:55,2015-05-01 13:23:21,2015-05-01 13:23:21,0,0.5294451264560932
568764897569300480,@ashyda FUCK YOU!Mein alter TV im Schlafzimmer will einfach keinen Ton ausgeben.Sogar hier meine Ruhe.,"<a href=""https://twitter.com/fletcher"" rel=""nofollow"">cmdrfletcher</a>",151855545.0,,5.687648830991073e+17,23062477.0,ashyda,0.0,,,,0.0,0.0,0.0,,,,0.0,0.0,1.0,Fri Feb 20 13:31:33 +0000 2015,2015-02-20 14:31:33,2015-05-01 13:06:40,2015-05-01 13:06:40,0,0.37385024763277175
465195286046842880,@ModeledBehavior I hope not.,"<a href=""http://tapbots.com/tweetbot"" rel=""nofollow"">Tweetbot for iOS</a>",12287842.0,,4.651943690130145e+17,159904799.0,ModeledBehavior,0.0,,,,0.0,0.0,0.0,,,,0.0,0.0,1.0,Sat May 10 18:22:53 +0000 2014,2014-05-10 20:22:53,2015-05-01 13:11:45,2015-05-01 13:11:45,0,0.5
570216340767637504,Conserving your energy is a good idea today; practicing modera... More for Gemini http://t.co/1VnMJ03OXi,"<a href=""http://www.twittascope.com"" rel=""nofollow"">Twittascope</a>",231721237.0,,0.0,0.0,,0.0,,,,0.0,0.0,0.0,,,,0.0,1.0,0.0,Tue Feb 24 13:39:04 +0000 2015,2015-02-24 14:39:04,2015-05-01 16:03:47,2015-05-01 16:03:47,0,0.31074462777892753
537078967321128960,RT @iMarkelBrown22: Finally..Stillwater Bar and Grill,"<a href=""http://twitter.com/download/iphone"" rel=""nofollow"">Twitter for iPhone</a>",180917373.0,,0.0,0.0,,5.370730490872586e+17,,,,9.0,0.0,0.0,,,,0.0,0.0,1.0,Tue Nov 25 03:02:58 +0000 2014,2014-11-25 04:02:58,2015-05-01 13:40:58,2015-05-01 13:40:58,0,0.6940715487310826
590366597425934336,"RT @RonaIdoStats: ""Cristiano works so hard on a day-to-day basis, he's determined to improve.""- Toni Kroos http://t.co/prjPmYXWuq","<a href=""http://twitter.com/download/android"" rel=""nofollow"">Twitter for Android</a>",152644666.0,,0.0,0.0,,5.898171996001444e+17,,,,33.0,0.0,0.0,,,,0.0,0.0,1.0,Tue Apr 21 04:08:59 +0000 2015,2015-04-21 06:08:59,2015-05-01 13:08:41,2015-05-01 13:08:41,0,0.03426321540181853
574689714856271873,@colinjustin If you guys are talking about Aidan Turner then watch The Hobbit movies or Being Human TV series.,"<a href=""http://twitter.com"" rel=""nofollow"">Twitter Web Client</a>",175730507.0,,5.746881680474112e+17,18675077.0,colinjustin,0.0,,,,0.0,0.0,2.0,,,,0.0,0.0,1.0,Sun Mar 08 21:54:39 +0000 2015,2015-03-08 22:54:39,2015-05-01 13:36:49,2015-05-01 13:36:49,0,0.44787689719086976
535400192187432960,@cottunn22 ãã°ãããã,"<a href=""http://twitter.com/download/iphone"" rel=""nofollow"">Twitter for iPhone</a>",2213330096.0,,5.353965580998615e+17,567645139.0,cottunn22,0.0,,,,0.0,0.0,0.0,,,,0.0,0.0,1.0,Thu Nov 20 11:52:07 +0000 2014,2014-11-20 12:52:07,2015-05-01 14:11:06,2015-05-01 14:11:06,0,0.3611623005624333
564630639862108160,@Curiouszo shhhhh not. now.,"<a href=""http://twitter.com/download/iphone"" rel=""nofollow"">Twitter for iPhone</a>",549416195.0,,5.646304355869e+17,1226228942.0,Curiouszo,0.0,,,,0.0,0.0,0.0,,,,0.0,0.0,1.0,Mon Feb 09 03:43:29 +0000 2015,2015-02-09 04:43:29,2015-05-01 13:53:41,2015-05-01 13:53:41,0,0.43857042895776305
424745721527406592,"""You go out with Gary ?""","<a href=""http://twitter.com/download/android"" rel=""nofollow"">Twitter for Android</a>",216940212.0,,0.0,0.0,,0.0,,,,0.0,0.0,0.0,,,,0.0,0.0,0.0,Sun Jan 19 03:30:46 +0000 2014,2014-01-19 04:30:46,2015-05-01 15:47:58,2015-05-01 15:47:58,0,0.5243618650252069
455698410192900096,"@kbw610 lmao , yass I'm embracing my hoe-iness kmsl","<a href=""http://twitter.com/download/iphone"" rel=""nofollow"">Twitter for iPhone</a>",2192767087.0,,4.556980489500959e+17,1666260284.0,kbw610,0.0,,,,0.0,0.0,1.0,,,,0.0,0.0,1.0,Mon Apr 14 13:25:42 +0000 2014,2014-04-14 15:25:42,2015-05-01 13:57:04,2015-05-01 13:57:04,0,0.42166302739101863
437237858894491648,Ford dealership liked my car http://t.co/OiTMG7HPh1,"<a href=""http://twitter.com/download/iphone"" rel=""nofollow"">Twitter for iPhone</a>",25759948.0,,0.0,0.0,,0.0,,,,0.0,0.0,0.0,,,,0.0,0.0,0.0,Sat Feb 22 14:50:03 +0000 2014,2014-02-22 15:50:03,2015-05-01 16:04:27,2015-05-01 16:04:27,0,0.5
593560639517241344,Ø¥ÙÙÙ Ø£ÙØ¶Ù 10 Ø³ÙØ§Ø±Ø§Øª ÙÙ ÙØ§Ø­ÙØ© Ø¬ÙØ§Ù Ø§ÙØªØµÙÙÙ Ø§ÙØ¯Ø§Ø®ÙÙ ÙÙÙÙØµÙØ±Ø©: ÙÙÙÙÙØ±ÙØ Ø§ÙÙÙØ§ÙØ§Øª Ø§ÙÙØªØ­Ø¯Ø© Ø§ÙØ£ÙØ±ÙÙÙØ© (CNN)âÙØ±ÙØ² Ø§ÙÙ... http://t.co/cayMjkdEEA,"<a href=""http://twitterfeed.com"" rel=""nofollow"">twitterfeed</a>",1693274954.0,,0.0,0.0,,0.0,,,,0.0,0.0,0.0,,,,0.0,1.0,0.0,Wed Apr 29 23:40:58 +0000 2015,2015-04-30 01:40:58,2015-05-01 13:10:29,2015-05-01 13:10:29,0,0.7298142546334012
419839852113166336,Way bagyo uy.,"<a href=""http://twitter.com"" rel=""nofollow"">Twitter Web Client</a>",232547074.0,,0.0,0.0,,0.0,,,,0.0,0.0,0.0,,,,0.0,0.0,0.0,Sun Jan 05 14:36:35 +0000 2014,2014-01-05 15:36:35,2015-05-01 16:05:08,2015-05-01 16:05:08,0,0.5157219166636303
574166802437033984,Dearly beloved..,"<a href=""http://blackberry.com/twitter"" rel=""nofollow"">Twitter for BlackBerryÂ®</a>",546096491.0,,0.0,0.0,,0.0,,,,1.0,0.0,3.0,,,,0.0,0.0,0.0,Sat Mar 07 11:16:47 +0000 2015,2015-03-07 12:16:47,2015-05-01 13:49:58,2015-05-01 13:49:58,0,0.5
593821481269731328,eri has 0 chill http://t.co/wUCoJVwxuf,"<a href=""https://about.twitter.com/products/tweetdeck"" rel=""nofollow"">TweetDeck</a>",568015457.0,,0.0,0.0,,0.0,,,,0.0,0.0,0.0,,,,0.0,0.0,0.0,Thu Apr 30 16:57:28 +0000 2015,2015-04-30 18:57:28,2015-05-01 14:24:51,2015-05-01 14:24:51,0,0.5496332464492759
558476362407620608,I ate a gold chocolate peanut butter King Tut. http://t.co/AuQkr3p8w3,"<a href=""http://twitter.com/download/android"" rel=""nofollow"">Twitter for Android</a>",6296742.0,,0.0,0.0,,0.0,,,,0.0,0.0,1.0,,,,0.0,0.0,0.0,Fri Jan 23 04:08:35 +0000 2015,2015-01-23 05:08:35,2015-05-01 13:05:13,2015-05-01 13:05:13,0,0.48985998645633894
516993988834766848,Yo please tell me that this isn't true. Please,"<a href=""http://twitter.com/download/iphone"" rel=""nofollow"">Twitter for iPhone</a>",18997161.0,,0.0,0.0,,0.0,,,,2.0,0.0,0.0,,,,0.0,0.0,0.0,Tue Sep 30 16:52:26 +0000 2014,2014-09-30 18:52:26,2015-05-01 13:59:18,2015-05-01 13:59:18,0,0.46772202258411666
578347163144458241,RT @StarlingCutte: Retweet this if I've never mentioned you in my gain tweet before! ,"<a href=""http://twitter.com/download/android"" rel=""nofollow"">Twitter for Android</a>",519445792.0,,0.0,0.0,,5.783467443012444e+17,,,,23.0,0.0,0.0,,,,0.0,0.0,1.0,Thu Mar 19 00:08:03 +0000 2015,2015-03-19 01:08:03,2015-05-01 13:27:51,2015-05-01 13:27:51,0,0.4752902486677609
446332009812852737,Love is always a demonstration - not just a set of words or a feeling.,"<a href=""http://twitter.com/download/iphone"" rel=""nofollow"">Twitter for iPhone</a>",517160489.0,,0.0,0.0,,0.0,,,,1.0,0.0,1.0,,,,0.0,0.0,0.0,Wed Mar 19 17:06:58 +0000 2014,2014-03-19 18:06:58,2015-05-01 13:26:06,2015-05-01 13:26:06,0,0.46167608541023597
546713696576094210,RT @angelfishhhhh: â@myboycrush: Luke Hemmings http://t.co/qIanSkOYmmâ oh goooosh,"<a href=""http://twitter.com/download/android"" rel=""nofollow"">Twitter for Android</a>",565337747.0,,0.0,0.0,,5.467060122127196e+17,,,,2.0,0.0,0.0,,,,0.0,0.0,1.0,Sun Dec 21 17:07:57 +0000 2014,2014-12-21 18:07:57,2015-05-01 14:17:23,2015-05-01 14:17:23,0,0.4884861682813928
574221946340139008,specially rn bc my voice is still gone and i cant hit ANY note its so frustrating,"<a href=""http://twitter.com"" rel=""nofollow"">Twitter Web Client</a>",1925580938.0,,0.0,0.0,,0.0,,,,0.0,0.0,0.0,,,,0.0,0.0,0.0,Sat Mar 07 14:55:55 +0000 2015,2015-03-07 15:55:55,2015-05-01 13:30:58,2015-05-01 13:30:58,0,0.3156757685014542
477093014364360704,Yah right.,"<a href=""http://twitter.com/download/android"" rel=""nofollow"">Twitter for Android</a>",1715241043.0,,0.0,0.0,,0.0,,"Calabarzon, Republic of the Philippines",,0.0,0.0,0.0,,,,0.0,0.0,0.0,Thu Jun 12 14:20:13 +0000 2014,2014-06-12 16:20:13,2015-05-01 13:12:30,2015-05-01 13:12:30,0,0.5126145676880814
550856581290946561,"And yes, it was ALL women this year at Christmas giving songs. What up, dudes?","<a href=""http://itunes.apple.com/us/app/twitter/id409789998?mt=12"" rel=""nofollow"">Twitter for Mac</a>",17889654.0,,0.0,0.0,,0.0,,,,0.0,0.0,1.0,,,,0.0,0.0,0.0,Fri Jan 02 03:30:18 +0000 2015,2015-01-02 04:30:18,2015-05-01 13:49:48,2015-05-01 13:49:48,0,0.5949077434850345
574586048287744000,RT @superkarmen: Mientras tanto... esta tarde en #CoruÃ±a http://t.co/Ukmvsh4ecJ,"<a href=""https://about.twitter.com/products/tweetdeck"" rel=""nofollow"">TweetDeck</a>",1712224658.0,,0.0,0.0,,5.7393701490039194e+17,,,,24.0,0.0,0.0,,,,1.0,0.0,1.0,Sun Mar 08 15:02:43 +0000 2015,2015-03-08 16:02:43,2015-05-01 13:11:41,2015-05-01 13:11:41,0,0.49210263953008815
446701285580894208,"RT @CornelWest: As you enter this new year, understand that there is no greatness without #love. Blessings to you and yours in 2014.","<a href=""http://twitter.com/download/iphone"" rel=""nofollow"">Twitter for iPhone</a>",188213023.0,,0.0,0.0,,4.191863058183209e+17,,,,493.0,0.0,0.0,,,,1.0,0.0,1.0,Thu Mar 20 17:34:20 +0000 2014,2014-03-20 18:34:20,2015-05-01 13:51:28,2015-05-01 13:51:28,0,0.4172975077651656
585895643404599296,@MicahAvery nope ,"<a href=""http://twitter.com/download/iphone"" rel=""nofollow"">Twitter for iPhone</a>",21622362.0,,5.858955437143859e+17,54826860.0,MicahAvery,0.0,,,,0.0,0.0,0.0,,,,0.0,0.0,1.0,Wed Apr 08 20:03:01 +0000 2015,2015-04-08 22:03:01,2015-05-01 15:01:25,2015-05-01 15:01:25,0,0.5658507912382924
575532824595402752,RT @Natos_AX: Ok boys I'm going now be back in 2 days adios ,"<a href=""http://twitter.com/download/android"" rel=""nofollow"">Twitter for Android</a>",2343128508.0,,0.0,0.0,,5.755327287472128e+17,,,,1.0,0.0,0.0,,,,0.0,0.0,1.0,Wed Mar 11 05:44:52 +0000 2015,2015-03-11 06:44:52,2015-05-01 16:11:14,2015-05-01 16:11:14,0,0.49340313313473944
592926411847008256,"@Harry_Styles hi H!hope you're well &amp;that you smiled tons today â¡Ì maybe if it's ok FOLLOW ME &amp;@cutesyzourry please?Love you. xx120,874","<a href=""http://twitter.com/download/android"" rel=""nofollow"">Twitter for Android</a>",219845841.0,,0.0,181561712.0,Harry_Styles,0.0,,,,0.0,0.0,0.0,,,,0.0,0.0,2.0,Tue Apr 28 05:40:47 +0000 2015,2015-04-28 07:40:47,2015-05-01 15:50:45,2015-05-01 15:50:45,0,0.4371023882567112
568495161317171200,@Megan_Dianna our English class just looked this up.,"<a href=""http://twitter.com/download/iphone"" rel=""nofollow"">Twitter for iPhone</a>",2234967314.0,,5.6849463131233485e+17,416838199.0,Megan_Dianna,0.0,,,,0.0,0.0,0.0,,,,0.0,0.0,1.0,Thu Feb 19 19:39:43 +0000 2015,2015-02-19 20:39:43,2015-05-01 14:19:42,2015-05-01 14:19:42,0,0.5
392889277018673152,RT @Notebook: We have to decide what's worth fighting for.,"<a href=""http://twitter.com/download/android"" rel=""nofollow"">Twitter for Android</a>",153162975.0,,0.0,0.0,,3.928876785823908e+17,,,,1435.0,0.0,0.0,,,,0.0,0.0,1.0,Wed Oct 23 05:44:37 +0000 2013,2013-10-23 07:44:37,2015-05-01 13:10:01,2015-05-01 13:10:01,0,0.5945331783945161
593886295065174016,@uptownhooker WHAT THE FUCK,"<a href=""http://twitter.com/download/android"" rel=""nofollow"">Twitter for Android</a>",485273674.0,,5.938856061256376e+17,1646666592.0,uptownhooker,0.0,,,,0.0,0.0,0.0,,,,0.0,0.0,1.0,Thu Apr 30 21:15:01 +0000 2015,2015-04-30 23:15:01,2015-05-01 13:08:46,2015-05-01 13:08:46,0,0.44257805549070767
572968469672562688,@SatikShushanyan it was a special video for you then,"<a href=""http://twitter.com/download/iphone"" rel=""nofollow"">Twitter for iPhone</a>",1705146012.0,,0.0,0.0,,0.0,,,,1.0,0.0,0.0,,,,0.0,0.0,0.0,Wed Mar 04 03:55:03 +0000 2015,2015-03-04 04:55:03,2015-05-01 13:11:00,2015-05-01 13:11:00,0,0.34756695876301796
527874994853126144,@pcollaog hmm? what do you mean? at least thereâs no queso crema!,"<a href=""http://tapbots.com/software/tweetbot/mac"" rel=""nofollow"">Tweetbot for Mac</a>",755746.0,,5.2787480120211046e+17,8043322.0,pcollaog,0.0,,"Centerport, NY",,0.0,0.0,0.0,,,,0.0,0.0,1.0,Thu Oct 30 17:29:40 +0000 2014,2014-10-30 18:29:40,2015-05-01 12:58:36,2015-05-01 12:58:36,0,0.5211275165142147
485090699457855488,#share #a #coke #with #your #friends #bunny #this #one #is #for #you #ily #enjoy #coke #kha #lai #piâ¦ http://t.co/x3GiZzlRdn,"<a href=""http://instagram.com"" rel=""nofollow"">Instagram</a>",610956863.0,,0.0,0.0,,0.0,,,,0.0,0.0,0.0,,,,18.0,1.0,0.0,Fri Jul 04 16:00:09 +0000 2014,2014-07-04 18:00:09,2015-05-01 16:07:53,2015-05-01 16:07:53,0,0.5311800235922605
526459165401960448,"2/? We need emergency manicures on or between flights, trains, and where we pick up cars.","<a href=""http://twitter.com/download/iphone"" rel=""nofollow"">Twitter for iPhone</a>",198700618.0,,0.0,0.0,,0.0,,,,0.0,0.0,0.0,,,,0.0,0.0,0.0,Sun Oct 26 19:43:40 +0000 2014,2014-10-26 20:43:40,2015-05-01 14:12:57,2015-05-01 14:12:57,0,0.5843841936756209
567916570535550976,"RT @FoodsOrgasm: cupcakes, which one u want http://t.co/oQRquzOHJz","<a href=""http://twitter.com"" rel=""nofollow"">Twitter Web Client</a>",534542344.0,,0.0,0.0,,5.6791631098363085e+17,,,,36.0,0.0,0.0,,,,0.0,0.0,0.0,Wed Feb 18 05:20:36 +0000 2015,2015-02-18 06:20:36,2015-05-01 13:36:35,2015-05-01 13:36:35,0,0.5
583148725578698752,"And whosoever obeys Allah and His Messenger (SAW), fears Allah, and keeps his duty (to Him), such are the successful ones.Ø³ÙØ±Ø© Ø§ÙÙÙØ± #Quran","<a href=""http://twitter.com"" rel=""nofollow"">Twitter Web Client</a>",155097464.0,,0.0,0.0,,0.0,,,,0.0,0.0,0.0,,,,1.0,0.0,0.0,Wed Apr 01 06:07:45 +0000 2015,2015-04-01 08:07:45,2015-05-01 13:11:45,2015-05-01 13:11:45,0,0.569360861790866
586631539603156992,FOR FREEhttp://t.co/5sPvQVCW1D,"<a href=""http://twitter.com"" rel=""nofollow"">Twitter Web Client</a>",198571569.0,,0.0,0.0,,0.0,,,,0.0,0.0,0.0,,,,0.0,1.0,0.0,Fri Apr 10 20:47:12 +0000 2015,2015-04-10 22:47:12,2015-05-01 14:10:24,2015-05-01 14:10:24,0,0.4488957089453552
431790857939714048,@jusraff haha indeed. And thank you for the Guinness chocolate bars. I'm so proud of the progress you've made on Chinese :D,"<a href=""http://twitter.com/download/iphone"" rel=""nofollow"">Twitter for iPhone</a>",609710517.0,,4.3178835927577805e+17,14777504.0,jusraff,0.0,,,,0.0,0.0,0.0,,,,0.0,0.0,1.0,Fri Feb 07 14:05:37 +0000 2014,2014-02-07 15:05:37,2015-05-01 16:07:23,2015-05-01 16:07:23,0,0.4948743083282021
557985651027480576,"@MirchiLaddoo in UAE, there's no ""sony center"" as such. The service center won't or don't seem to be interested in going beyond their SOP","<a href=""http://twitter.com/download/iphone"" rel=""nofollow"">Twitter for iPhone</a>",16945428.0,,5.578831537095352e+17,469018693.0,MirchiLaddoo,0.0,,,,0.0,0.0,0.0,,,,0.0,0.0,1.0,Wed Jan 21 19:38:40 +0000 2015,2015-01-21 20:38:40,2015-05-01 13:37:45,2015-05-01 13:37:45,0,0.7221791113434577
578949945480200194,RT @anbrll00: Trying to rap battle a ghost using a Ouija board is fucking time consuming.,"<a href=""http://twitter.com/download/iphone"" rel=""nofollow"">Twitter for iPhone</a>",566109750.0,,0.0,0.0,,5.782659180625101e+17,,,,111.0,0.0,0.0,,,,0.0,0.0,1.0,Fri Mar 20 16:03:18 +0000 2015,2015-03-20 17:03:18,2015-05-01 14:18:55,2015-05-01 14:18:55,0,0.6692870869465943
302544529200922625,Mandzukic bicycle kick #Perfection,"<a href=""http://twitter.com/#!/download/ipad"" rel=""nofollow"">Twitter for iPad</a>",225248989.0,,0.0,0.0,,0.0,,,,0.0,0.0,0.0,,,,1.0,0.0,0.0,Fri Feb 15 22:26:51 +0000 2013,2013-02-15 23:26:51,2015-05-01 15:57:06,2015-05-01 15:57:06,0,0.5611375791365869
541278960664190976,@Ulillillysses Mitchel I'm glad you are safe,"<a href=""http://twitter.com/download/iphone"" rel=""nofollow"">Twitter for iPhone</a>",496454090.0,,5.4127038487658906e+17,87183804.0,Ulillillysses,0.0,,,,0.0,0.0,0.0,,,,0.0,0.0,1.0,Sat Dec 06 17:12:15 +0000 2014,2014-12-06 18:12:15,2015-05-01 13:17:29,2015-05-01 13:17:29,0,0.58309614174333
513234933418950656,@CharlieSierra24 ha! Got one!,"<a href=""http://www.twitter.com"" rel=""nofollow"">Twitter for BlackBerry</a>",13971722.0,,5.1322920537124864e+17,963231049.0,CharlieSierra24,0.0,,,,0.0,0.0,1.0,,,,0.0,0.0,1.0,Sat Sep 20 07:55:18 +0000 2014,2014-09-20 09:55:18,2015-05-01 13:13:35,2015-05-01 13:13:35,0,0.2701818949268886
583992641676648449,#VoteTrisMTV 300,"<a href=""http://twitter.com/download/android"" rel=""nofollow"">Twitter for Android</a>",1735191102.0,,0.0,0.0,,0.0,,,,0.0,0.0,0.0,,,,1.0,0.0,0.0,Fri Apr 03 14:01:10 +0000 2015,2015-04-03 16:01:10,2015-05-01 13:17:02,2015-05-01 13:17:02,0,0.5848196598142162
581829462318321664,@greysonchance #HappyBirthdayLadyGaga doiiiiiittt,"<a href=""http://twitter.com"" rel=""nofollow"">Twitter Web Client</a>",2166704005.0,,0.0,144380789.0,greysonchance,0.0,,,,0.0,0.0,0.0,,,,1.0,0.0,1.0,Sat Mar 28 14:45:28 +0000 2015,2015-03-28 15:45:28,2015-05-01 13:49:44,2015-05-01 13:49:44,0,0.4748170197876077
566829106814128128,RT @BarryPanick: Wanting to fall asleep with you tonight.,"<a href=""http://twitter.com/download/iphone"" rel=""nofollow"">Twitter for iPhone</a>",601689477.0,,0.0,0.0,,5.657504794190807e+17,,,,1323.0,0.0,0.0,,,,0.0,0.0,1.0,Sun Feb 15 05:19:24 +0000 2015,2015-02-15 06:19:24,2015-05-01 16:00:42,2015-05-01 16:00:42,0,0.5058294067747439
555208351068733440,@Kelsey_Clark12 the left one and tell me where you got it so I can get one too,"<a href=""http://twitter.com/download/iphone"" rel=""nofollow"">Twitter for iPhone</a>",542231259.0,,5.552057151500083e+17,489147900.0,Kelsey_Clark12,0.0,,,,0.0,0.0,0.0,,,,0.0,0.0,1.0,Wed Jan 14 03:42:40 +0000 2015,2015-01-14 04:42:40,2015-05-01 13:46:06,2015-05-01 13:46:06,0,0.4029064014881261
560118492243173376,"RT @TooAthletic_GD: âIâd rather attempt to do something great and fail, than to attempt nothing and succeed.â #TooAthletic","<a href=""http://twitter.com"" rel=""nofollow"">Twitter Web Client</a>",1855455756.0,,0.0,0.0,,5.6011839124434944e+17,,,,1.0,0.0,0.0,,,,1.0,0.0,1.0,Tue Jan 27 16:53:49 +0000 2015,2015-01-27 17:53:49,2015-05-01 13:19:44,2015-05-01 13:19:44,0,0.4580489805653548
562599384496365568,thoughtless.,"<a href=""http://twitter.com/download/iphone"" rel=""nofollow"">Twitter for iPhone</a>",551611541.0,,0.0,0.0,,0.0,,,,0.0,0.0,0.0,,,,0.0,0.0,0.0,Tue Feb 03 13:12:00 +0000 2015,2015-02-03 14:12:00,2015-05-01 13:54:34,2015-05-01 13:54:34,0,0.5
542211715874975745,I want my dreams to rescue me Apparently #2014ForestHillDrive *takes a deep breath,"<a href=""http://twitter.com/download/iphone"" rel=""nofollow"">Twitter for iPhone</a>",497521332.0,,0.0,0.0,,0.0,,,,0.0,0.0,0.0,,,,1.0,0.0,0.0,Tue Dec 09 06:58:41 +0000 2014,2014-12-09 07:58:41,2015-05-01 13:18:38,2015-05-01 13:18:38,0,0.36235899095277
583562961945567232,Hoy hace un dÃ­a estupendo. Salid y que os de el aire niÃ±os rata.,"<a href=""http://twitter.com/download/android"" rel=""nofollow"">Twitter for Android</a>",14418605.0,,0.0,0.0,,0.0,,,,1.0,0.0,1.0,,,,0.0,0.0,0.0,Thu Apr 02 09:33:46 +0000 2015,2015-04-02 11:33:46,2015-05-01 13:17:53,2015-05-01 13:17:53,0,0.5059956512379464
528933503929286656,@RanuDirectioner @ayzrim Exactly!,"<a href=""http://twitter.com/download/android"" rel=""nofollow"">Twitter for Android</a>",2324053074.0,,5.289075321194414e+17,2370416648.0,ranu_zl2nh___,0.0,,,,0.0,0.0,0.0,,,,0.0,0.0,1.0,Sun Nov 02 15:35:49 +0000 2014,2014-11-02 16:35:49,2015-05-01 16:05:06,2015-05-01 16:05:06,0,0.44190653346064707
590087843319451648,"Pho, sushi, sake... around the world in six dishes! #mkr","<a href=""http://twitter.com/#!/download/ipad"" rel=""nofollow"">Twitter for iPad</a>",599745022.0,,0.0,0.0,,0.0,,,,0.0,0.0,0.0,,,,1.0,0.0,0.0,Mon Apr 20 09:41:19 +0000 2015,2015-04-20 11:41:19,2015-05-01 15:57:42,2015-05-01 15:57:42,0,0.6836583415261409
592067399706222592,So many battle wounds from last night,"<a href=""http://twitter.com/download/android"" rel=""nofollow"">Twitter for Android</a>",2267842723.0,,0.0,0.0,,0.0,,,,0.0,0.0,2.0,,,,0.0,0.0,0.0,Sat Apr 25 20:47:22 +0000 2015,2015-04-25 22:47:22,2015-05-01 15:21:40,2015-05-01 15:21:40,0,0.6585085015272344
288714117668302848,RT @CuteTxts: Aww.. you're so full of shit.,"<a href=""http://twitter.com/download/iphone"" rel=""nofollow"">Twitter for iPhone</a>",491706663.0,,0.0,0.0,,2.887072802816819e+17,,,,317.0,0.0,0.0,,,,0.0,0.0,1.0,Tue Jan 08 18:29:44 +0000 2013,2013-01-08 19:29:44,2015-05-01 13:14:47,2015-05-01 13:14:47,0,0.5333299221410449
544326742844776448,@fuknmc WOW IM CRYING I LOVE YOU SO MUCH,"<a href=""http://twitter.com/download/iphone"" rel=""nofollow"">Twitter for iPhone</a>",1941490830.0,,5.443255186574582e+17,2337780108.0,Laketiticaca_,0.0,,,,0.0,0.0,1.0,,,,0.0,0.0,0.0,Mon Dec 15 03:03:03 +0000 2014,2014-12-15 04:03:03,2015-05-01 13:33:55,2015-05-01 13:33:55,0,0.48586310367883023
573695873336537088,@lindsaydemeola mushrooms are gross,"<a href=""http://twitter.com/download/iphone"" rel=""nofollow"">Twitter for iPhone</a>",503771485.0,,5.736957337123553e+17,18872613.0,lindsaydemeola,0.0,,,,0.0,0.0,0.0,,,,0.0,0.0,1.0,Fri Mar 06 04:05:29 +0000 2015,2015-03-06 05:05:29,2015-05-01 13:20:39,2015-05-01 13:20:39,0,0.5
371412788067192832,RETREAAAT! #bitstrips http://t.co/L0GswSfyuU,"<a href=""http://bitstrip.me"" rel=""nofollow"">Bitstrips</a>",210704864.0,,0.0,0.0,,0.0,,,,0.0,0.0,0.0,,,,1.0,0.0,0.0,Sat Aug 24 23:24:43 +0000 2013,2013-08-25 01:24:43,2015-05-01 14:45:51,2015-05-01 14:45:51,0,0.30279689659938425
343600720559370240,â@HeartNewsOnline:Bioengineered Vein http://t.co/FO6UaglYiyâ It will shortly open up great possibilities. eagerly awaiting further results,"<a href=""http://twitter.com/download/iphone"" rel=""nofollow"">Twitter for iPhone</a>",563781857.0,,3.428460428589793e+17,484582499.0,HeartNewsOnline,0.0,,,,0.0,0.0,0.0,,,,0.0,1.0,1.0,Sun Jun 09 05:29:30 +0000 2013,2013-06-09 07:29:30,2015-05-01 14:15:00,2015-05-01 14:15:00,0,0.4938650732451363
386480225967554560,Ughhh my teeth hurts :(,"<a href=""http://twitter.com/download/iphone"" rel=""nofollow"">Twitter for iPhone</a>",181896104.0,,0.0,0.0,,0.0,,,,0.0,0.0,0.0,,,,0.0,0.0,0.0,Sat Oct 05 13:17:20 +0000 2013,2013-10-05 15:17:20,2015-05-01 13:41:56,2015-05-01 13:41:56,0,0.5312986490915135
500306971384238081,RT @apolskiee: Namimiss ko nang mag billiards.,"<a href=""http://twitter.com"" rel=""nofollow"">Twitter Web Client</a>",593012958.0,,0.0,0.0,,5.003065909608694e+17,,,,1.0,0.0,0.0,,,,0.0,0.0,1.0,Fri Aug 15 15:44:11 +0000 2014,2014-08-15 17:44:11,2015-05-01 15:53:02,2015-05-01 15:53:02,0,0.5752890804959359
572070004541149184,"kya ada kya jalwe tere paro, dil ke tukde ho gaye hazaro #crazylyrics #hindisong","<a href=""http://twitter.com"" rel=""nofollow"">Twitter Web Client</a>",1816114694.0,,0.0,0.0,,0.0,,,,0.0,0.0,0.0,,,,2.0,0.0,0.0,Sun Mar 01 16:24:52 +0000 2015,2015-03-01 17:24:52,2015-05-01 13:18:18,2015-05-01 13:18:18,0,0.2905565757981552
465505560696086528,@jonndad @larajunella @intentgaze Wahahaha. Epek tayo! Nagpatulong na din ako pagsulat sa mga friends ko.,"<a href=""http://twitter.com"" rel=""nofollow"">Twitter Web Client</a>",599895538.0,,4.6550505802972365e+17,75499867.0,jonndad,0.0,,,,0.0,0.0,1.0,,,,0.0,0.0,3.0,Sun May 11 14:55:49 +0000 2014,2014-05-11 16:55:49,2015-05-01 15:58:49,2015-05-01 15:58:49,0,0.5258200840011402
475518508466315264,"@arlensitaa Awe how cutee , #jelly Noo lo mates amor jaja","<a href=""http://twitter.com/download/iphone"" rel=""nofollow"">Twitter for iPhone</a>",1965789655.0,,4.75516609432277e+17,458862623.0,arlensitaa,0.0,,,,0.0,0.0,0.0,,,,1.0,0.0,1.0,Sun Jun 08 06:03:41 +0000 2014,2014-06-08 08:03:41,2015-05-01 13:38:46,2015-05-01 13:38:46,0,0.25692880018773917
340267228480024576,"RT @dgoold: #Royals catcher Adam Moore on facing #Cardinals rookie Wacha: ""Iâm sure he throws 98. The whole bullpen does."" #stlcards","<a href=""http://twitter.com/download/iphone"" rel=""nofollow"">Twitter for iPhone</a>",27292659.0,,0.0,0.0,,3.4026598376996864e+17,,,,125.0,0.0,0.0,,,,3.0,0.0,1.0,Fri May 31 00:43:23 +0000 2013,2013-05-31 02:43:23,2015-05-01 16:12:14,2015-05-01 16:12:14,0,0.36519064452553435
281520307645321216,"If you're using article marketing for your business, I wrote this article about my '5 Paragraph Model' to simplify it - http://t.co/gANe5G6h","<a href=""https://www.socialoomph.com"" rel=""nofollow"">SocialOomph</a>",14391111.0,,0.0,0.0,,0.0,,,,2.0,0.0,0.0,,,,0.0,1.0,0.0,Wed Dec 19 22:04:06 +0000 2012,2012-12-19 23:04:06,2015-05-01 13:17:23,2015-05-01 13:17:23,0,0.3222001123375609
510427565031706624,Just posted a photo http://t.co/0fP95jdXS6,"<a href=""http://instagram.com"" rel=""nofollow"">Instagram</a>",232547074.0,,0.0,0.0,,0.0,,,,0.0,0.0,0.0,,,,0.0,1.0,0.0,Fri Sep 12 13:59:49 +0000 2014,2014-09-12 15:59:49,2015-05-01 16:05:07,2015-05-01 16:05:07,0,0.38704355976411253
579048302299226112,"@zaynmalik You gave me your hand when everyone was wearing me down. Now, It's my turn","<a href=""http://twitter.com/download/iphone"" rel=""nofollow"">Twitter for iPhone</a>",552147716.0,,5.782912307584492e+17,176566242.0,zaynmalik,0.0,,,,0.0,0.0,0.0,,,,0.0,0.0,1.0,Fri Mar 20 22:34:08 +0000 2015,2015-03-20 23:34:08,2015-05-01 13:56:12,2015-05-01 13:56:12,0,0.5688585246357917
275486228747522048,@septcandy æ°¸ä½ãã¦ãªããã©ãã¾ã ãããï¼,"<a href=""http://tapbots.com/software/tweetbot/mac"" rel=""nofollow"">Tweetbot for Mac</a>",16468451.0,,2.7548604285178266e+17,90319964.0,septcandy,0.0,,,,0.0,0.0,0.0,,,,0.0,0.0,1.0,Mon Dec 03 06:26:49 +0000 2012,2012-12-03 07:26:49,2015-05-01 13:35:08,2015-05-01 13:35:08,0,0.4603519018286593
509203435246206976,It's so unusual that my brain's actually functioning at this time of the afternoon.,"<a href=""http://twitter.com"" rel=""nofollow"">Twitter Web Client</a>",152165747.0,,0.0,0.0,,0.0,,,,0.0,0.0,1.0,,,,0.0,0.0,0.0,Tue Sep 09 04:55:34 +0000 2014,2014-09-09 06:55:34,2015-05-01 13:07:29,2015-05-01 13:07:29,0,0.5298917584580374
588261318555086848,"RT @UCBrowser: Last question in 7 mins! Are you still with us? If you are, then let's hear you cheer #UCLeague! Don't forget to RT: https:/â¦","<a href=""http://twitter.com/download/android"" rel=""nofollow"">Twitter for Android</a>",201113766.0,,0.0,0.0,,5.882602745761751e+17,,,,83.0,0.0,0.0,,,,1.0,1.0,1.0,Wed Apr 15 08:43:22 +0000 2015,2015-04-15 10:43:22,2015-05-01 14:16:23,2015-05-01 14:16:23,0,0.5383097670019051
411545367021621248,Day 10: Petsâmiss my baby Lilone!! R.I.P #decemberphotochallenge #decemberchallenge http://t.co/JCkcwsmPHr,"<a href=""http://instagram.com"" rel=""nofollow"">Instagram</a>",598686645.0,,0.0,0.0,,0.0,,,,0.0,0.0,0.0,,,,2.0,1.0,0.0,Fri Dec 13 17:17:16 +0000 2013,2013-12-13 18:17:16,2015-05-01 15:57:16,2015-05-01 15:57:16,0,0.5489195362526527
487203235476676609,"RT @UberFacts: Sex makes females pretty -- During sex, estrogen levels double, making hair shinier and the skin softer.","<a href=""http://twitter.com/download/iphone"" rel=""nofollow"">Twitter for iPhone</a>",2266954628.0,,0.0,0.0,,4.871863404933939e+17,,,,1764.0,0.0,0.0,,,,0.0,0.0,1.0,Thu Jul 10 11:54:37 +0000 2014,2014-07-10 13:54:37,2015-05-01 15:21:06,2015-05-01 15:21:06,0,0.4627949958518649
586707009984040960,@ArianaGrande @jpegdev,"<a href=""http://twitter.com/download/iphone"" rel=""nofollow"">Twitter for iPhone</a>",1941490830.0,,0.0,34507480.0,ArianaGrande,0.0,,,,1.0,0.0,1.0,,,,0.0,0.0,2.0,Sat Apr 11 01:47:06 +0000 2015,2015-04-11 03:47:06,2015-05-01 13:33:53,2015-05-01 13:33:53,0,0.4217064419984204
590150629978341376,RT @justinbieber: will u always be there?,"<a href=""http://twitter.com/download/iphone"" rel=""nofollow"">Twitter for iPhone</a>",483910950.0,,0.0,0.0,,3.270319893980324e+17,,,,210334.0,0.0,0.0,,,,0.0,0.0,1.0,Mon Apr 20 13:50:49 +0000 2015,2015-04-20 15:50:49,2015-05-01 13:06:48,2015-05-01 13:06:48,0,0.2749269727536187
519417963447734272,@ambiclimate that is so cool! What a neat idea!,"<a href=""http://www.echofon.com/"" rel=""nofollow"">Echofon</a>",595827319.0,,5.194177725272146e+17,1501283737.0,ambiclimate,0.0,,,,0.0,0.0,1.0,,,,0.0,0.0,1.0,Tue Oct 07 09:24:27 +0000 2014,2014-10-07 11:24:27,2015-05-01 15:56:33,2015-05-01 15:56:33,0,0.4680575991065272
394283215625940992,@Bro_Pair I have been confidenced,"<a href=""http://twitter.com/download/android"" rel=""nofollow"">Twitter for Android</a>",20114963.0,,3.9428289649352704e+17,56309136.0,Bro_Pair,0.0,,,,0.0,0.0,0.0,,,,0.0,0.0,1.0,Sun Oct 27 02:03:38 +0000 2013,2013-10-27 03:03:38,2015-05-01 14:15:30,2015-05-01 14:15:30,0,0.22744013014044914
156984625820999680,Occupying Auckland... Well until the movie starts at least... I am the 00000.0000001% (@ Aotea Square) http://t.co/VbRWYFGF,"<a href=""http://foursquare.com"" rel=""nofollow"">Foursquare</a>",15324749.0,,0.0,0.0,,0.0,,,,0.0,0.0,0.0,,,,0.0,1.0,0.0,Wed Jan 11 06:23:46 +0000 2012,2012-01-11 07:23:46,2015-05-01 13:28:12,2015-05-01 13:28:12,0,0.5
469304014405111808,Someone tell the Hawks that the 3rd period started 10 minutes ago,"<a href=""https://twitter.com/download/android"" rel=""nofollow"">Twitter for Android Tablets</a>",566807971.0,,0.0,0.0,,0.0,,,,0.0,0.0,2.0,,,,0.0,0.0,0.0,Thu May 22 02:29:30 +0000 2014,2014-05-22 04:29:30,2015-05-01 14:21:56,2015-05-01 14:21:56,0,0.6062453536978246
576792024285863936,"@appie1777 @Antlerite_ that's her choice though, I doubt she'd do it to be rude to anyone herself :P","<a href=""https://about.twitter.com/products/tweetdeck"" rel=""nofollow"">TweetDeck</a>",1712224658.0,,5.76791872867283e+17,1456364641.0,appie1777,0.0,,,,0.0,0.0,0.0,,,,0.0,0.0,2.0,Sat Mar 14 17:08:29 +0000 2015,2015-03-14 18:08:29,2015-05-01 13:11:40,2015-05-01 13:11:40,0,0.6275120195599295
569039034514694144,HAHHA ZACH IS WILD https://t.co/yVIs9bNk4y,"<a href=""http://twitter.com/download/iphone"" rel=""nofollow"">Twitter for iPhone</a>",578727389.0,,0.0,0.0,,0.0,,,,3.0,0.0,7.0,,,,0.0,1.0,0.0,Sat Feb 21 07:40:52 +0000 2015,2015-02-21 08:40:52,2015-05-01 15:17:27,2015-05-01 15:17:27,0,0.3804792726762299
377870390301061120,"Today may seem busier than recent days, partly because you are... More for Libra http://t.co/KqXuYFJGox","<a href=""http://www.twittascope.com"" rel=""nofollow"">Twittascope</a>",598686645.0,,0.0,0.0,,0.0,,,,0.0,0.0,0.0,,,,0.0,1.0,0.0,Wed Sep 11 19:04:56 +0000 2013,2013-09-11 21:04:56,2015-05-01 15:57:16,2015-05-01 15:57:16,0,0.5838421613924606
444861478542516224,@PAYNEdirections hahahah yung feeling na limited lng ang friendship hahahahahha XD BOOM NA ITU!!,"<a href=""http://twitter.com/download/iphone"" rel=""nofollow"">Twitter for iPhone</a>",186749576.0,,4.448433144166113e+17,385894346.0,vgeefay,0.0,,,,0.0,0.0,0.0,,,,0.0,0.0,0.0,Sat Mar 15 15:43:36 +0000 2014,2014-03-15 16:43:36,2015-05-01 13:48:34,2015-05-01 13:48:34,0,0.5870815513188324
578582576769564672,@TyBlackATTACK It's been that type of morning.:),"<a href=""http://twitter.com"" rel=""nofollow"">Twitter Web Client</a>",165077100.0,,5.785813522594202e+17,2413404913.0,TyBlackATTACK,0.0,,,,0.0,0.0,0.0,,,,0.0,0.0,1.0,Thu Mar 19 15:43:30 +0000 2015,2015-03-19 16:43:30,2015-05-01 13:23:24,2015-05-01 13:23:24,0,0.3222044800530097
461471152058007554,@EmmaHartAuthor nice...,"<a href=""http://twitter.com"" rel=""nofollow"">Twitter Web Client</a>",2385352310.0,,4.614674774664151e+17,860219588.0,EmmaHartAuthor,0.0,,,,0.0,0.0,0.0,,,,0.0,0.0,1.0,Wed Apr 30 11:44:31 +0000 2014,2014-04-30 13:44:31,2014-11-13 04:53:43,2014-11-13 04:53:43,1,0.5
451997592692350976,@stylexashton nice,"<a href=""http://twitter.com"" rel=""nofollow"">Twitter Web Client</a>",2349763028.0,,4.519971536451789e+17,107273326.0,bblgumstyles,0.0,,,,0.0,0.0,0.0,,,,0.0,0.0,0.0,Fri Apr 04 08:19:58 +0000 2014,2014-04-04 10:19:58,2014-11-13 01:41:46,2014-11-13 01:41:46,1,0.08646326097820596
461692443759345664,@SagLady86 NICE,"<a href=""http://twitter.com"" rel=""nofollow"">Twitter Web Client</a>",2352117918.0,,4.616923366540042e+17,219049294.0,SagLady86,0.0,,,,0.0,0.0,0.0,,,,0.0,0.0,1.0,Thu May 01 02:23:51 +0000 2014,2014-05-01 04:23:51,2014-11-13 02:05:55,2014-11-13 02:05:55,1,0.5
482461241185562624,"@lalozujotito ""He who hesitates is a damned fool."" - Mae West","<a href=""http://twitter.com"" rel=""nofollow"">Twitter Web Client</a>",2361624314.0,,4.824598821853143e+17,2375787692.0,lalozujotito,0.0,,,,0.0,0.0,0.0,,,,0.0,0.0,1.0,Fri Jun 27 09:51:38 +0000 2014,2014-06-27 11:51:38,2014-11-13 03:38:55,2014-11-13 03:38:55,1,0.47815402069005697
486708467747389440,@looperbeats NICE PG,"<a href=""http://twitter.com"" rel=""nofollow"">Twitter Web Client</a>",2352798792.0,,4.867083402741064e+17,1443167581.0,looperbeats,0.0,,,,0.0,0.0,1.0,,,,0.0,0.0,1.0,Wed Jul 09 03:08:35 +0000 2014,2014-07-09 05:08:35,2014-11-13 02:19:34,2014-11-13 02:19:34,1,0.5080188452269859
458975105398231040,"""The future cannot be predicted, but futures can be invented."" - Dennis Gabor","<a href=""http://twitter.com"" rel=""nofollow"">Twitter Web Client</a>",2353496768.0,,0.0,0.0,,0.0,,,,0.0,0.0,0.0,,,,0.0,0.0,0.0,Wed Apr 23 14:26:07 +0000 2014,2014-04-23 16:26:07,2014-11-13 02:30:40,2014-11-13 02:30:40,1,0.49274635811568673
461246190936260608,@liVe_intellect you need a vip account from #TALNTS,"<a href=""http://twitter.com"" rel=""nofollow"">Twitter Web Client</a>",2360933791.0,,4.612460701700833e+17,261352189.0,Shvzzzz,0.0,,,,0.0,0.0,0.0,,,,1.0,0.0,0.0,Tue Apr 29 20:50:36 +0000 2014,2014-04-29 22:50:36,2014-11-13 03:36:05,2014-11-13 03:36:05,1,0.2641653468177802
460073574284267520,March is here!! Best month in the year! ??,"<a href=""http://twitter.com"" rel=""nofollow"">Twitter Web Client</a>",2384298854.0,,0.0,0.0,,0.0,,,,0.0,0.0,0.0,,,,0.0,0.0,0.0,Sat Apr 26 15:11:02 +0000 2014,2014-04-26 17:11:02,2014-11-13 04:47:06,2014-11-13 04:47:06,1,0.40562362489036763
494845679114534914,@SUBUBournemouth please follow me,"<a href=""http://twitter.com"" rel=""nofollow"">Twitter Web Client</a>",2373095150.0,,4.948454232535941e+17,56662386.0,SUBUBournemouth,0.0,,,,0.0,0.0,0.0,,,,0.0,0.0,1.0,Thu Jul 31 14:02:58 +0000 2014,2014-07-31 16:02:58,2014-11-13 04:13:37,2014-11-13 04:13:37,1,0.49020038830802326
519298811517476864,HOT SINGLE CALLED ' #OTHASHIT ' GET IT HERE =&gt; http://t.co/BrIs9i9Udy  OFF UP COMING ALBUM #FORTHEPOWERSTHATBE COMPILATION 4 THE LABELS,"<a href=""http://www.sharedby.co"" rel=""nofollow"">SharedBy</a>",29922606.0,,0.0,0.0,,0.0,,,,0.0,0.0,0.0,,,,2.0,1.0,0.0,Tue Oct 07 01:30:59 +0000 2014,2014-10-07 03:30:59,2014-11-12 21:49:41,2014-11-12 21:49:41,1,0.35968798277398994
449909096792088576,If your only giving 50% effort then you shouldn't give effort at all...,"<a href=""http://twitter.com"" rel=""nofollow"">Twitter Web Client</a>",2360100590.0,,0.0,0.0,,0.0,,,,0.0,0.0,0.0,,,,0.0,0.0,0.0,Sat Mar 29 14:01:02 +0000 2014,2014-03-29 15:01:02,2014-11-13 03:29:51,2014-11-13 03:29:51,1,0.5
461051808094236672,"The end of ""Ensename aa Olvidar"" shouldve been a completely diff song man. its like the end of ""Come Thru"" fuck why ya do this","<a href=""http://twitter.com"" rel=""nofollow"">Twitter Web Client</a>",2357858940.0,,0.0,0.0,,0.0,,,,0.0,0.0,0.0,,,,0.0,0.0,0.0,Tue Apr 29 07:58:11 +0000 2014,2014-04-29 09:58:11,2014-11-13 03:15:10,2014-11-13 03:15:10,1,0.39677517141105345
482184497937399808,Lol wen a kid dancez in frnt of a crowd evry1 smilez n sayz ncccccoooow....lol dan here cumz an adult evry1 wil laf dy headz awt,"<a href=""http://twitter.com"" rel=""nofollow"">Twitter Web Client</a>",2351846533.0,,0.0,0.0,,0.0,,,,0.0,0.0,0.0,,,,0.0,0.0,0.0,Thu Jun 26 15:31:57 +0000 2014,2014-06-26 17:31:57,2014-11-13 01:58:51,2014-11-13 01:58:51,1,0.4142571213540083
478052568724029441,"@Chezizzle ""The measure of a man is the way he bears up under misfortune."" - Plutarch","<a href=""http://twitter.com"" rel=""nofollow"">Twitter Web Client</a>",2355925884.0,,4.780499595947008e+17,14987789.0,Chezizzle,0.0,,,,0.0,0.0,0.0,,,,0.0,0.0,1.0,Sun Jun 15 05:53:08 +0000 2014,2014-06-15 07:53:08,2014-11-13 02:57:23,2014-11-13 02:57:23,1,0.37746015444882103
460074117887033345,"fucken hate the song ""muchacho de campo"" stupid ass song i swear","<a href=""http://twitter.com"" rel=""nofollow"">Twitter Web Client</a>",2379010088.0,,0.0,0.0,,0.0,,,,0.0,0.0,0.0,,,,0.0,0.0,0.0,Sat Apr 26 15:13:12 +0000 2014,2014-04-26 17:13:12,2014-11-13 04:30:26,2014-11-13 04:30:26,1,0.6460169690301856
480084463653642240,"@LathanD_ ""Not everything that can be counted counts, and not everything that counts can be counted."" - Albert Einstein","<a href=""http://twitter.com"" rel=""nofollow"">Twitter Web Client</a>",2349763028.0,,4.800832093641769e+17,1000588620.0,LathanD_,0.0,,,,0.0,0.0,0.0,,,,0.0,0.0,1.0,Fri Jun 20 20:27:10 +0000 2014,2014-06-20 22:27:10,2014-11-13 01:41:45,2014-11-13 01:41:45,1,0.3147506586895767
451224229023711233,????????????? Baby ????????? Just for You ?????? ????????? ???? ?HEART&amp;SOUL?,"<a href=""http://twitter.com"" rel=""nofollow"">Twitter Web Client</a>",2372349630.0,,0.0,0.0,,0.0,,,,0.0,0.0,0.0,,,,0.0,0.0,0.0,Wed Apr 02 05:06:54 +0000 2014,2014-04-02 07:06:54,2014-11-13 04:11:39,2014-11-13 04:11:39,1,0.550209819344014
449730156282658816,Fast. Fresh. Italian. ....if ya know what I mean ??????,"<a href=""http://twitter.com"" rel=""nofollow"">Twitter Web Client</a>",2352846920.0,,0.0,0.0,,0.0,,,,0.0,0.0,0.0,,,,0.0,0.0,0.0,Sat Mar 29 02:09:59 +0000 2014,2014-03-29 03:09:59,2014-11-13 02:20:20,2014-11-13 02:20:20,1,0.3394969519993179
461187165636931584,You'll hate me if I treated you the same.,"<a href=""http://twitter.com"" rel=""nofollow"">Twitter Web Client</a>",2370803990.0,,0.0,0.0,,0.0,,,,0.0,0.0,0.0,,,,0.0,0.0,0.0,Tue Apr 29 16:56:03 +0000 2014,2014-04-29 18:56:03,2014-11-13 04:08:06,2014-11-13 04:08:06,1,0.5891083783974533
461696990405857280,Every single song is about you. ??,"<a href=""http://twitter.com"" rel=""nofollow"">Twitter Web Client</a>",2363104591.0,,0.0,0.0,,0.0,,,,0.0,0.0,0.0,,,,0.0,0.0,0.0,Thu May 01 02:41:55 +0000 2014,2014-05-01 04:41:55,2014-11-13 03:47:32,2014-11-13 03:47:32,1,0.48555199489710443
483490220680048640,Ya no vuelvo a creer mas en alguien.,"<a href=""http://twitter.com"" rel=""nofollow"">Twitter Web Client</a>",2360234485.0,,0.0,0.0,,0.0,,,,0.0,0.0,0.0,,,,0.0,0.0,0.0,Mon Jun 30 06:00:26 +0000 2014,2014-06-30 08:00:26,2014-11-13 03:31:29,2014-11-13 03:31:29,1,0.27313890472134955
461414039986241536,@movieGalleryz hi,"<a href=""http://twitter.com"" rel=""nofollow"">Twitter Web Client</a>",2363591599.0,,4.6141386090205184e+17,344457196.0,movieGalleryz,0.0,,,,0.0,0.0,0.0,,,,0.0,0.0,1.0,Wed Apr 30 07:57:34 +0000 2014,2014-04-30 09:57:34,2014-11-13 03:49:07,2014-11-13 03:49:07,1,0.5
486807560805040128,I hate it when the ice cube in the cup goes horizontal and you cant drink out of it and then you start spinning the cup but it follows you.,"<a href=""http://twitter.com"" rel=""nofollow"">Twitter Web Client</a>",2351948100.0,,0.0,0.0,,0.0,,,,0.0,0.0,0.0,,,,0.0,0.0,0.0,Wed Jul 09 09:42:21 +0000 2014,2014-07-09 11:42:21,2014-11-13 02:00:56,2014-11-13 02:00:56,1,0.41024513536653184
479947621369278464,Film #Sejoli best jugak. Not bad ah haha.,"<a href=""http://twitter.com"" rel=""nofollow"">Twitter Web Client</a>",2352011114.0,,0.0,0.0,,0.0,,,,0.0,0.0,0.0,,,,1.0,0.0,0.0,Fri Jun 20 11:23:24 +0000 2014,2014-06-20 13:23:24,2014-11-13 02:03:01,2014-11-13 02:03:01,1,0.5646393656415617
461716262767165440,@prost62 Please follow me,"<a href=""http://twitter.com"" rel=""nofollow"">Twitter Web Client</a>",2358373046.0,,4.617146709616886e+17,386923099.0,prost62,0.0,,,,0.0,0.0,0.0,,,,0.0,0.0,1.0,Thu May 01 03:58:29 +0000 2014,2014-05-01 05:58:29,2014-11-13 03:18:59,2014-11-13 03:18:59,1,0.5
476643476465913857,Trying to be best. trying to be better.,"<a href=""http://twitter.com"" rel=""nofollow"">Twitter Web Client</a>",2384249234.0,,0.0,0.0,,0.0,,,,0.0,0.0,0.0,,,,0.0,0.0,0.0,Wed Jun 11 08:33:55 +0000 2014,2014-06-11 10:33:55,2014-11-13 04:46:44,2014-11-13 04:46:44,1,0.4745595329345191
492546720811593728,"If you like her, tell her. Maybe she likes you too.","<a href=""http://twitter.com"" rel=""nofollow"">Twitter Web Client</a>",2351185496.0,,0.0,0.0,,0.0,,,,0.0,0.0,0.0,,,,0.0,0.0,0.0,Fri Jul 25 05:47:43 +0000 2014,2014-07-25 07:47:43,2014-11-13 01:52:31,2014-11-13 01:52:31,1,0.5723807692629992
478578551407386624,@Dittomusic F4f plssss,"<a href=""http://twitter.com"" rel=""nofollow"">Twitter Web Client</a>",2362628834.0,,4.7857824534524314e+17,15005103.0,Dittomusic,0.0,,,,0.0,0.0,0.0,,,,0.0,0.0,1.0,Mon Jun 16 16:43:12 +0000 2014,2014-06-16 18:43:12,2014-11-13 03:45:42,2014-11-13 03:45:42,1,0.5937852949608405
461583888360275969,"""My whore fine when we chill its porn time chillin in da north rine Henry jayer everytime we pour wine""- Marley Blaze","<a href=""http://twitter.com"" rel=""nofollow"">Twitter Web Client</a>",2380197396.0,,0.0,0.0,,0.0,,,,0.0,0.0,0.0,,,,0.0,0.0,0.0,Wed Apr 30 19:12:29 +0000 2014,2014-04-30 21:12:29,2014-11-13 04:32:27,2014-11-13 04:32:27,1,0.480754457744851
459907427379339266,Is it bad that I still have my trophy from when I was on marble hills track team too? Lmfao,"<a href=""http://twitter.com"" rel=""nofollow"">Twitter Web Client</a>",2364631153.0,,0.0,0.0,,0.0,,,,0.0,0.0,0.0,,,,0.0,0.0,0.0,Sat Apr 26 04:10:50 +0000 2014,2014-04-26 06:10:50,2014-11-13 03:52:47,2014-11-13 03:52:47,1,0.5
516973563799433216,"@DugeeLFE @Sicksteen_216 people"" would be racist. Or vice versa. Anyone can be racist. And not all white people have power anyway.","<a href=""http://twitter.com/download/iphone"" rel=""nofollow"">Twitter for iPhone</a>",26364491.0,,5.169723973299241e+17,21921381.0,DugeeLFE,0.0,,,,0.0,0.0,0.0,,,,0.0,0.0,2.0,Tue Sep 30 15:31:17 +0000 2014,2014-09-30 17:31:17,2014-11-12 21:42:58,2014-11-12 21:42:58,1,0.3728746522665006
483531488214806528,"@onishiweb ""Always give without remembering and always receive without forgetting."" - Brian Tracy","<a href=""http://twitter.com"" rel=""nofollow"">Twitter Web Client</a>",2385016405.0,,4.835313612535972e+17,44867708.0,onishiweb,0.0,,,,0.0,0.0,0.0,,,,0.0,0.0,1.0,Mon Jun 30 08:44:25 +0000 2014,2014-06-30 10:44:25,2014-11-13 04:52:46,2014-11-13 04:52:46,1,0.615151551760045
488986328277585920,@BobbyNMusic nicee...,"<a href=""http://twitter.com"" rel=""nofollow"">Twitter Web Client</a>",2358897218.0,,4.889801255231365e+17,24813094.0,BobbyNMusic,0.0,,,,1.0,0.0,1.0,,,,0.0,0.0,1.0,Tue Jul 15 10:00:00 +0000 2014,2014-07-15 12:00:00,2014-11-13 03:23:06,2014-11-13 03:23:06,1,0.5939748997328633
495185471375302656,@unicornpay What's Up!,"<a href=""http://twitter.com"" rel=""nofollow"">Twitter Web Client</a>",2375875075.0,,4.95184723623551e+17,1732749098.0,unicornpay,0.0,,,,0.0,0.0,0.0,,,,0.0,0.0,1.0,Fri Aug 01 12:33:11 +0000 2014,2014-08-01 14:33:11,2014-11-13 04:19:59,2014-11-13 04:19:59,1,0.5
480921506289967104,Best gak ah hdup cam ni --',"<a href=""http://twitter.com"" rel=""nofollow"">Twitter Web Client</a>",2361624404.0,,0.0,0.0,,0.0,,,,0.0,0.0,0.0,,,,0.0,0.0,0.0,Mon Jun 23 03:53:16 +0000 2014,2014-06-23 05:53:16,2014-11-13 03:38:57,2014-11-13 03:38:57,1,0.5654597508579581
451141972531486721,Disco's Bong Song is on.,"<a href=""http://twitter.com"" rel=""nofollow"">Twitter Web Client</a>",2351140219.0,,0.0,0.0,,0.0,,,,0.0,0.0,0.0,,,,0.0,0.0,0.0,Tue Apr 01 23:40:02 +0000 2014,2014-04-02 01:40:02,2014-11-13 01:52:04,2014-11-13 01:52:04,1,0.5161838675054539
460527605691584513,@Dan_vs_Pringle wow,"<a href=""http://twitter.com"" rel=""nofollow"">Twitter Web Client</a>",2354089656.0,,4.6052746271236096e+17,308702310.0,Dan_vs_Pringle,0.0,,,,0.0,0.0,0.0,,,,0.0,0.0,1.0,Sun Apr 27 21:15:12 +0000 2014,2014-04-27 23:15:12,2014-11-13 02:38:06,2014-11-13 02:38:06,1,0.5057177470525153
495341136655839232,@helllodaria HELLO,"<a href=""http://twitter.com"" rel=""nofollow"">Twitter Web Client</a>",2378671002.0,,4.9534011869026714e+17,2545988339.0,helllodaria,0.0,,,,0.0,0.0,0.0,,,,0.0,0.0,1.0,Fri Aug 01 22:51:44 +0000 2014,2014-08-02 00:51:44,2014-11-13 04:29:58,2014-11-13 04:29:58,1,0.49113079634115486
461041247302340609,@RiftLyrics wow,"<a href=""http://twitter.com"" rel=""nofollow"">Twitter Web Client</a>",2360210833.0,,4.610410426962002e+17,1694853098.0,RiftLyrics,0.0,,,,1.0,0.0,1.0,,,,0.0,0.0,1.0,Tue Apr 29 07:16:13 +0000 2014,2014-04-29 09:16:13,2014-11-13 03:31:18,2014-11-13 03:31:18,1,0.18622978577686344
479755162844528640,"@IAMTHECECILE ""Don't read a book and be a follower; read a book and be a student."" - Jim Rohn","<a href=""http://twitter.com"" rel=""nofollow"">Twitter Web Client</a>",2385700974.0,,4.7974476570178765e+17,17445555.0,IAMTHECECILE,0.0,,,,0.0,0.0,0.0,,,,0.0,0.0,1.0,Thu Jun 19 22:38:38 +0000 2014,2014-06-20 00:38:38,2014-11-13 04:54:29,2014-11-13 04:54:29,1,0.43136455511318206
461690738695086081,Finna talk to bae until i KO ??,"<a href=""http://twitter.com"" rel=""nofollow"">Twitter Web Client</a>",2362517576.0,,0.0,0.0,,0.0,,,,0.0,0.0,0.0,,,,0.0,0.0,0.0,Thu May 01 02:17:04 +0000 2014,2014-05-01 04:17:04,2014-11-13 03:44:42,2014-11-13 03:44:42,1,0.5307292924465075
459887360839131136,j: lol where r u romeo,"<a href=""http://twitter.com"" rel=""nofollow"">Twitter Web Client</a>",2352530569.0,,0.0,0.0,,0.0,,,,0.0,0.0,0.0,,,,0.0,0.0,0.0,Sat Apr 26 02:51:05 +0000 2014,2014-04-26 04:51:05,2014-11-13 02:14:27,2014-11-13 02:14:27,1,0.6231796903585346
489094088545689600,I wanna go see a movie,"<a href=""http://twitter.com"" rel=""nofollow"">Twitter Web Client</a>",2362909092.0,,0.0,0.0,,0.0,,,,0.0,0.0,0.0,,,,0.0,0.0,0.0,Tue Jul 15 17:08:12 +0000 2014,2014-07-15 19:08:12,2014-11-13 03:46:18,2014-11-13 03:46:18,1,0.4803087646986998
444162588859830274,I will take it like a G cause my first tattoo will be on my feet.,"<a href=""http://twitter.com"" rel=""nofollow"">Twitter Web Client</a>",2212872006.0,,0.0,0.0,,0.0,,,,0.0,0.0,0.0,,,,0.0,0.0,0.0,Thu Mar 13 17:26:27 +0000 2014,2014-03-13 18:26:27,2014-11-13 01:17:21,2014-11-13 01:17:21,1,0.5
496395055146741760,I remember everything you think I forgot ,"<a href=""http://twitter.com/download/iphone"" rel=""nofollow"">Twitter for iPhone</a>",143894405.0,,0.0,0.0,,0.0,,"Plainfield, NJ",,4.0,0.0,1.0,,,,0.0,0.0,0.0,Mon Aug 04 20:39:38 +0000 2014,2014-08-04 22:39:38,2014-11-12 22:22:35,2014-11-12 22:22:35,1,0.5253928483444322
449870561376600064,"""It's so hard when I have to, and so easy when I want to."" - Annie Gottlier","<a href=""http://twitter.com"" rel=""nofollow"">Twitter Web Client</a>",2368378044.0,,0.0,0.0,,0.0,,,,0.0,0.0,0.0,,,,0.0,0.0,0.0,Sat Mar 29 11:27:54 +0000 2014,2014-03-29 12:27:54,2014-11-13 04:00:21,2014-11-13 04:00:21,1,0.49283702557115455
467757013976354816,Just posted a photo http://t.co/l4JWq520so,"<a href=""http://instagram.com"" rel=""nofollow"">Instagram</a>",41613571.0,,0.0,0.0,,0.0,,,,0.0,0.0,0.0,,,,0.0,1.0,0.0,Sat May 17 20:02:17 +0000 2014,2014-05-17 22:02:17,2014-11-12 21:55:35,2014-11-12 21:55:35,1,0.4907003714960549
451294680387301376,Were gonna get kicked out of a fricken hospital my family is so loud! It's funny????,"<a href=""http://twitter.com"" rel=""nofollow"">Twitter Web Client</a>",2352687170.0,,0.0,0.0,,0.0,,,,0.0,0.0,0.0,,,,0.0,0.0,0.0,Wed Apr 02 09:46:51 +0000 2014,2014-04-02 11:46:51,2014-11-13 02:17:13,2014-11-13 02:17:13,1,0.41446208639567506
460541424790798336,@Hhmahomie you're awesome,"<a href=""http://twitter.com"" rel=""nofollow"">Twitter Web Client</a>",2356142359.0,,4.605412957869916e+17,2194391609.0,Hhmahomie,0.0,,,,0.0,0.0,0.0,,,,0.0,0.0,1.0,Sun Apr 27 22:10:06 +0000 2014,2014-04-28 00:10:06,2014-11-13 02:59:13,2014-11-13 02:59:13,1,0.21960863172278985
460142509629272064,"""First they ignore you, then they laugh at you, then they fight you, then you win."" - Mahatma Gandhi","<a href=""http://twitter.com"" rel=""nofollow"">Twitter Web Client</a>",2354245788.0,,0.0,0.0,,0.0,,,,0.0,0.0,0.0,,,,0.0,0.0,0.0,Sat Apr 26 19:44:57 +0000 2014,2014-04-26 21:44:57,2014-11-13 02:40:11,2014-11-13 02:40:11,1,0.42681988160697365
502983213073973249,"""Hello!""","<a href=""http://twitter.com/download/iphone"" rel=""nofollow"">Twitter for iPhone</a>",2236860283.0,,0.0,0.0,,0.0,,,,0.0,0.0,0.0,,,,0.0,0.0,0.0,Sat Aug 23 00:58:37 +0000 2014,2014-08-23 02:58:37,2014-11-13 01:23:17,2014-11-13 01:23:17,1,0.4894308531124559
460231751638335488,@ColleenFliedner NICE,"<a href=""http://twitter.com"" rel=""nofollow"">Twitter Web Client</a>",2362055604.0,,4.602315738837156e+17,28845690.0,ColleenFliedner,0.0,,,,0.0,0.0,0.0,,,,0.0,0.0,1.0,Sun Apr 27 01:39:34 +0000 2014,2014-04-27 03:39:34,2014-11-13 03:41:47,2014-11-13 03:41:47,1,0.47058388595108863
478668437342801920,RT @Talnts: âThe best way to predict the future is to invent it.â â Alan Kay,"<a href=""http://tweetadder.com"" rel=""nofollow"">TweetAdder v4</a>",2351098472.0,,0.0,0.0,,4.786502392685527e+17,,,,324.0,0.0,0.0,,,,0.0,0.0,1.0,Mon Jun 16 22:40:23 +0000 2014,2014-06-17 00:40:23,2014-11-13 01:51:13,2014-11-13 01:51:13,1,0.2457960370809382
491424321185665024,Ima do my thang by Miley is seriously my song rn.,"<a href=""http://twitter.com"" rel=""nofollow"">Twitter Web Client</a>",2354349955.0,,0.0,0.0,,0.0,,,,0.0,0.0,0.0,,,,0.0,0.0,0.0,Tue Jul 22 03:27:43 +0000 2014,2014-07-22 05:27:43,2014-11-13 02:42:57,2014-11-13 02:42:57,1,0.2874189467220479
459897625928429570,@Kasice Follow me!,"<a href=""http://twitter.com"" rel=""nofollow"">Twitter Web Client</a>",2360055282.0,,4.5989722146370355e+17,251270592.0,Kasice,0.0,,,,0.0,0.0,0.0,,,,0.0,0.0,1.0,Sat Apr 26 03:31:53 +0000 2014,2014-04-26 05:31:53,2014-11-13 03:29:24,2014-11-13 03:29:24,1,0.5151517598298877
487337868386258944,Hate when they lock down and he can't say he loves me?? soon enough ill be in his arms??,"<a href=""http://twitter.com"" rel=""nofollow"">Twitter Web Client</a>",2381648312.0,,0.0,0.0,,0.0,,,,0.0,0.0,0.0,,,,0.0,0.0,0.0,Thu Jul 10 20:49:36 +0000 2014,2014-07-10 22:49:36,2014-11-13 04:37:10,2014-11-13 04:37:10,1,0.4614973823799187
460159298526408704,I Hate When She Take Shxt Out My Room To Make Her Room Look Good .,"<a href=""http://twitter.com"" rel=""nofollow"">Twitter Web Client</a>",2356590110.0,,0.0,0.0,,0.0,,,,0.0,0.0,0.0,,,,0.0,0.0,0.0,Sat Apr 26 20:51:40 +0000 2014,2014-04-26 22:51:40,2014-11-13 03:01:32,2014-11-13 03:01:32,1,0.5
460098636525760512,@callmemisskinky hey,"<a href=""http://twitter.com"" rel=""nofollow"">Twitter Web Client</a>",2384989542.0,,4.6009843373572915e+17,2459783972.0,callmemisskinky,0.0,,,,0.0,0.0,0.0,,,,0.0,0.0,1.0,Sat Apr 26 16:50:37 +0000 2014,2014-04-26 18:50:37,2014-11-13 04:52:28,2014-11-13 04:52:28,1,0.24552828393320125
452024729059069952,hate the fact when im sitting her vibing to some music that one song just brings back memoires you want to change it but then again you dont,"<a href=""http://twitter.com"" rel=""nofollow"">Twitter Web Client</a>",2266535815.0,,0.0,0.0,,0.0,,,,0.0,0.0,0.0,,,,0.0,0.0,0.0,Fri Apr 04 10:07:48 +0000 2014,2014-04-04 12:07:48,2014-11-13 01:27:22,2014-11-13 01:27:22,1,0.5434944199724533
480834059770150913,Me: I'd be in California doing stuff I can't tell you it's dirty,"<a href=""http://twitter.com"" rel=""nofollow"">Twitter Web Client</a>",2363999472.0,,0.0,0.0,,0.0,,,,0.0,0.0,0.0,,,,0.0,0.0,0.0,Sun Jun 22 22:05:47 +0000 2014,2014-06-23 00:05:47,2014-11-13 03:50:27,2014-11-13 03:50:27,1,0.6722322462091543
482710022468558849,Redneck Tip: Be considerate of your guests. Point out in advance where the injury-threatening springs are located on the sofa.,"<a href=""http://twitter.com"" rel=""nofollow"">Twitter Web Client</a>",2375186491.0,,0.0,0.0,,0.0,,,,0.0,0.0,0.0,,,,0.0,0.0,0.0,Sat Jun 28 02:20:12 +0000 2014,2014-06-28 04:20:12,2014-11-13 04:18:25,2014-11-13 04:18:25,1,0.40058657990191165
529800143688990720,RT @ltsTina: I wonât take selfies with other people yâall donât know my angles,"<a href=""http://tweetadder.com"" rel=""nofollow"">TweetAdder v4</a>",2352275090.0,,0.0,0.0,,5.297753489514209e+17,,,,178.0,0.0,0.0,,,,0.0,0.0,1.0,Wed Nov 05 00:59:32 +0000 2014,2014-11-05 01:59:32,2014-11-13 02:10:02,2014-11-13 02:10:02,1,0.56897913962538
461768721170563073,Good luck to the Bulls with their game against the Lions. #standbythebulls,"<a href=""http://twitter.com"" rel=""nofollow"">Twitter Web Client</a>",2358320191.0,,0.0,0.0,,0.0,,,,0.0,0.0,0.0,,,,1.0,0.0,0.0,Thu May 01 07:26:57 +0000 2014,2014-05-01 09:26:57,2014-11-13 03:18:43,2014-11-13 03:18:43,1,0.12554357923397327
477691214935117824,The best music,"<a href=""http://twitter.com"" rel=""nofollow"">Twitter Web Client</a>",2351184800.0,,0.0,0.0,,0.0,,,,0.0,0.0,1.0,,,,0.0,0.0,0.0,Sat Jun 14 05:57:15 +0000 2014,2014-06-14 07:57:15,2014-11-13 01:52:28,2014-11-13 01:52:28,1,0.5078839071230251
458944482856034304,Vapors really that song for me lol,"<a href=""http://twitter.com"" rel=""nofollow"">Twitter Web Client</a>",2352045444.0,,0.0,0.0,,0.0,,,,0.0,0.0,0.0,,,,0.0,0.0,0.0,Wed Apr 23 12:24:26 +0000 2014,2014-04-23 14:24:26,2014-11-13 02:04:31,2014-11-13 02:04:31,1,0.47073675769418566
500407977837621248,"Ich Ã¼berlege mir gerade SprÃ¼che: ""Ohne Religion? Das schaffst du schon!"" oder""ReligiÃ¶s macht ganz nervÃ¶s.""","<a href=""http://twitter.com"" rel=""nofollow"">Twitter Web Client</a>",109905756.0,,0.0,0.0,,0.0,,,,0.0,0.0,6.0,,,,0.0,0.0,0.0,Fri Aug 15 22:25:33 +0000 2014,2014-08-16 00:25:33,2014-11-12 22:11:23,2014-11-12 22:11:23,1,0.3813505283205767
495315731181862912,#myxmusicawards Favorite Song Ikot-Ikot,"<a href=""http://twitter.com"" rel=""nofollow"">Twitter Web Client</a>",2356073467.0,,0.0,0.0,,0.0,,,,0.0,0.0,1.0,,,,1.0,0.0,0.0,Fri Aug 01 21:10:47 +0000 2014,2014-08-01 23:10:47,2014-11-13 02:58:43,2014-11-13 02:58:43,1,0.16011436326669815
476717336792023042,"@annaaa_mp ""An ant on the move does more than a dozing ox."" - Lao Tzu","<a href=""http://twitter.com"" rel=""nofollow"">Twitter Web Client</a>",2359572194.0,,4.767147872092283e+17,518295425.0,annaaa_mp,0.0,,,,0.0,0.0,0.0,,,,0.0,0.0,1.0,Wed Jun 11 13:27:24 +0000 2014,2014-06-11 15:27:24,2014-11-13 03:25:05,2014-11-13 03:25:05,1,0.5975072026153218
488831045521768450,@WoburnBrasserie FOLLOW Me,"<a href=""http://twitter.com"" rel=""nofollow"">Twitter Web Client</a>",2352419065.0,,4.888285145239388e+17,2521188464.0,WoburnBrasserie,0.0,,,,0.0,0.0,0.0,,,,0.0,0.0,1.0,Mon Jul 14 23:42:57 +0000 2014,2014-07-15 01:42:57,2014-11-13 02:12:32,2014-11-13 02:12:32,1,0.5
491909110078504961,"@zslvskl ""The artist is nothing without the gift, but the gift is nothing without work."" - Emile Zola","<a href=""http://twitter.com"" rel=""nofollow"">Twitter Web Client</a>",2351868384.0,,4.91908035854762e+17,861179718.0,ZSLVSKl,0.0,,,,0.0,0.0,0.0,,,,0.0,0.0,1.0,Wed Jul 23 11:34:05 +0000 2014,2014-07-23 13:34:05,2014-11-13 01:59:11,2014-11-13 01:59:11,1,0.611689105037617
460565280159051776,"""A man's errors are his portals of discovery."" - James Joyce","<a href=""http://twitter.com"" rel=""nofollow"">Twitter Web Client</a>",2360394319.0,,0.0,0.0,,0.0,,,,0.0,0.0,0.0,,,,0.0,0.0,0.0,Sun Apr 27 23:44:54 +0000 2014,2014-04-28 01:44:54,2014-11-13 03:33:05,2014-11-13 03:33:05,1,0.6111472677662263
459034103405223938,"""I can't believe that God put us on this earth to be ordinary."" - Lou Holtz","<a href=""http://twitter.com"" rel=""nofollow"">Twitter Web Client</a>",2357100546.0,,0.0,0.0,,0.0,,,,0.0,0.0,0.0,,,,0.0,0.0,0.0,Wed Apr 23 18:20:33 +0000 2014,2014-04-23 20:20:33,2014-11-13 03:05:31,2014-11-13 03:05:31,1,0.526765780939121
494932153969303554,i wish i went to aci lol,"<a href=""http://twitter.com"" rel=""nofollow"">Twitter Web Client</a>",2360721636.0,,0.0,0.0,,0.0,,,,0.0,0.0,0.0,,,,0.0,0.0,0.0,Thu Jul 31 19:46:35 +0000 2014,2014-07-31 21:46:35,2014-11-13 03:35:04,2014-11-13 03:35:04,1,0.5996613491488664
517487862854332416,"@Enide_Ghost Tom giggled at the thought and snuggled her back. ""But my friends would say that's not a costume..""","<a href=""http://twitter.com/download/iphone"" rel=""nofollow"">Twitter for iPhone</a>",2236860283.0,,5.174877236705362e+17,2732463939.0,Enide_Ghost,0.0,,,,0.0,0.0,0.0,,,,0.0,0.0,1.0,Thu Oct 02 01:34:55 +0000 2014,2014-10-02 03:34:55,2014-11-13 01:23:15,2014-11-13 01:23:15,1,0.5
491887635279781888,"@cmccrudden ""Great acts are made up of small deeds."" - Lao Tzu","<a href=""http://twitter.com"" rel=""nofollow"">Twitter Web Client</a>",2363607110.0,,4.918872754969723e+17,15747827.0,cmccrudden,0.0,,,,0.0,0.0,0.0,,,,0.0,0.0,1.0,Wed Jul 23 10:08:45 +0000 2014,2014-07-23 12:08:45,2014-11-13 03:49:15,2014-11-13 03:49:15,1,0.22143882549413715
478934794923827200,"""Why be ordinary when you can be extraordinary?"" - Rory Byrne","<a href=""http://twitter.com"" rel=""nofollow"">Twitter Web Client</a>",2372927941.0,,0.0,0.0,,0.0,,,,0.0,0.0,0.0,,,,0.0,0.0,0.0,Tue Jun 17 16:18:47 +0000 2014,2014-06-17 18:18:47,2014-11-13 04:13:03,2014-11-13 04:13:03,1,0.4511592989460646
491900599940554753,"@LucyMcconnell20 ""There is no such thing in anyone's life as an unimportant day."" - Alexander Woollcott","<a href=""http://twitter.com"" rel=""nofollow"">Twitter Web Client</a>",2352702752.0,,4.919001368184955e+17,2632375685.0,LucyMcconnell20,0.0,,,,0.0,0.0,0.0,,,,0.0,0.0,1.0,Wed Jul 23 11:00:16 +0000 2014,2014-07-23 13:00:16,2014-11-13 02:17:22,2014-11-13 02:17:22,1,0.48236700854868136
460548397066240000,"Can someone please explain to my headache, earache &amp; sore throat that I'm going to New York tomorrow so now is not a good time #Unacceptable","<a href=""http://twitter.com"" rel=""nofollow"">Twitter Web Client</a>",2357430511.0,,0.0,0.0,,0.0,,,,0.0,0.0,0.0,,,,1.0,0.0,0.0,Sun Apr 27 22:37:49 +0000 2014,2014-04-28 00:37:49,2014-11-13 03:10:20,2014-11-13 03:10:20,1,0.5698479217116335
460149882641080320,@PendieHQ you're awesome,"<a href=""http://twitter.com"" rel=""nofollow"">Twitter Web Client</a>",2356033585.0,,4.6014975913180774e+17,235225459.0,PendieHQ,0.0,,,,0.0,0.0,0.0,,,,0.0,0.0,1.0,Sat Apr 26 20:14:15 +0000 2014,2014-04-26 22:14:15,2014-11-13 02:58:20,2014-11-13 02:58:20,1,0.37231237826564845
438944886927024128,I need to find someone who enjoys The OC as much as I do and won't complain when I quote the entire series word for word,"<a href=""http://twitter.com"" rel=""nofollow"">Twitter Web Client</a>",2212897620.0,,0.0,0.0,,0.0,,,,0.0,0.0,0.0,,,,0.0,0.0,0.0,Thu Feb 27 07:53:10 +0000 2014,2014-02-27 08:53:10,2014-11-13 01:17:30,2014-11-13 01:17:30,1,0.5910277750821094
461748268230144000,@saharyagh Please follow me,"<a href=""http://twitter.com"" rel=""nofollow"">Twitter Web Client</a>",2353096682.0,,4.6174773645531136e+17,1120965337.0,saharyagh,0.0,,,,0.0,0.0,0.0,,,,0.0,0.0,1.0,Thu May 01 06:05:40 +0000 2014,2014-05-01 08:05:40,2014-11-13 02:26:06,2014-11-13 02:26:06,1,0.37871001572445273
460826677589725186,"""A great wind is blowing and that either gives you imagination...or a headache."" - Catherine the Great","<a href=""http://twitter.com"" rel=""nofollow"">Twitter Web Client</a>",2353654897.0,,0.0,0.0,,0.0,,,,0.0,0.0,0.0,,,,0.0,0.0,0.0,Mon Apr 28 17:03:36 +0000 2014,2014-04-28 19:03:36,2014-11-13 02:33:05,2014-11-13 02:33:05,1,0.5086085375496414
451704130076016640,"Le amo a Javi, Sabï¿½an ? :D","<a href=""http://twitter.com"" rel=""nofollow"">Twitter Web Client</a>",2353892202.0,,0.0,0.0,,0.0,,,,0.0,0.0,0.0,,,,0.0,0.0,0.0,Thu Apr 03 12:53:51 +0000 2014,2014-04-03 14:53:51,2014-11-13 02:35:34,2014-11-13 02:35:34,1,0.6717409913384823
473899898845548544,"RT @Talnts: ""You can't build a reputation on what you are going to do."" - Henry Ford","<a href=""http://tweetadder.com"" rel=""nofollow"">TweetAdder v4</a>",2352187580.0,,0.0,0.0,,4.7389007621719245e+17,,,,263.0,0.0,0.0,,,,0.0,0.0,1.0,Tue Jun 03 18:51:55 +0000 2014,2014-06-03 20:51:55,2014-11-13 02:08:23,2014-11-13 02:08:23,1,0.34726017382991375
460233720499142660,"""Respond intelligently even to unintelligent treatment."" - Lao Tsu","<a href=""http://twitter.com"" rel=""nofollow"">Twitter Web Client</a>",2362453604.0,,0.0,0.0,,0.0,,,,0.0,0.0,0.0,,,,0.0,0.0,0.0,Sun Apr 27 01:47:24 +0000 2014,2014-04-27 03:47:24,2014-11-13 03:44:00,2014-11-13 03:44:00,1,0.2849929462441815
479630193204527104,"I don't know what hurts the most, How much i'll know I'll miss you, or how much i know you won't miss me.","<a href=""http://twitter.com"" rel=""nofollow"">Twitter Web Client</a>",2360718468.0,,0.0,0.0,,0.0,,,,0.0,0.0,0.0,,,,0.0,0.0,0.0,Thu Jun 19 14:22:03 +0000 2014,2014-06-19 16:22:03,2014-11-13 03:34:58,2014-11-13 03:34:58,1,0.46614029162194076
461124800652406784,@LucaRossi369 you need a vip account from #TALNTS,"<a href=""http://twitter.com"" rel=""nofollow"">Twitter Web Client</a>",2356650968.0,,4.611217333247017e+17,830705222.0,LucaRossi369,0.0,,,,0.0,0.0,0.0,,,,1.0,0.0,1.0,Tue Apr 29 12:48:14 +0000 2014,2014-04-29 14:48:14,2014-11-13 03:02:08,2014-11-13 03:02:08,1,0.46538037637836366
517134784326144001,&amp; you don't gotta like me cuz I like my own shit .....,"<a href=""http://www.facebook.com/twitter"" rel=""nofollow"">Facebook</a>",143894405.0,,0.0,0.0,,0.0,,,,3.0,0.0,1.0,,,,0.0,0.0,0.0,Wed Oct 01 02:11:55 +0000 2014,2014-10-01 04:11:55,2014-11-12 22:22:32,2014-11-12 22:22:32,1,0.5062244847494429
495308025377214464,Great to see my volunteer Dan on Tv yesterday. Finishing in second place on Tipping Point.,"<a href=""http://twitter.com"" rel=""nofollow"">Twitter Web Client</a>",2352085909.0,,0.0,0.0,,0.0,,,,0.0,0.0,0.0,,,,0.0,0.0,0.0,Fri Aug 01 20:40:10 +0000 2014,2014-08-01 22:40:10,2014-11-13 02:05:22,2014-11-13 02:05:22,1,0.29621020940434123
480217594520035332,"@BeSomebodyZach ""I don't know why we are here, but I'm pretty sure that it is not in order to enjoy ourselves."" - Ludwig Wittgenstein","<a href=""http://twitter.com"" rel=""nofollow"">Twitter Web Client</a>",2354781793.0,,4.8021741269274214e+17,270186981.0,BeSomebodyZach,0.0,,,,0.0,0.0,1.0,,,,0.0,0.0,1.0,Sat Jun 21 05:16:11 +0000 2014,2014-06-21 07:16:11,2014-11-13 02:47:20,2014-11-13 02:47:20,1,0.15551351219639667
459844222523150336,"""When I quote others I do so in order to express my own ideas more clearly."" - Michel de Montaigne","<a href=""http://twitter.com"" rel=""nofollow"">Twitter Web Client</a>",2352174630.0,,0.0,0.0,,0.0,,,,0.0,0.0,0.0,,,,0.0,0.0,0.0,Fri Apr 25 23:59:40 +0000 2014,2014-04-26 01:59:40,2014-11-13 02:07:54,2014-11-13 02:07:54,1,0.2879391319233243
480962535797972994,"@jason_mraz ""To create something you must be something."" - Johann Wolfgang von Goethe","<a href=""http://twitter.com"" rel=""nofollow"">Twitter Web Client</a>",2361347298.0,,4.809330208330424e+17,19018401.0,jason_mraz,0.0,,,,0.0,0.0,0.0,,,,0.0,0.0,1.0,Mon Jun 23 06:36:19 +0000 2014,2014-06-23 08:36:19,2014-11-13 03:37:34,2014-11-13 03:37:34,1,0.47777039677699346
494591675474247681,@RatamaKat NICE,"<a href=""http://twitter.com"" rel=""nofollow"">Twitter Web Client</a>",2356322551.0,,4.945905276362506e+17,2448587936.0,RatamaKat,0.0,,,,0.0,0.0,0.0,,,,0.0,0.0,1.0,Wed Jul 30 21:13:39 +0000 2014,2014-07-30 23:13:39,2014-11-13 03:00:37,2014-11-13 03:00:37,1,0.5
461440740640321536,@Kyvgonny Follow me!,"<a href=""http://twitter.com"" rel=""nofollow"">Twitter Web Client</a>",2351804233.0,,4.6144061039457894e+17,840959570.0,Kyvgonny,0.0,,,,0.0,0.0,0.0,,,,0.0,0.0,1.0,Wed Apr 30 09:43:40 +0000 2014,2014-04-30 11:43:40,2014-11-13 01:57:55,2014-11-13 01:57:55,1,0.27258681458758316
487329750180823040,@Mandisa_X_36346 nice,"<a href=""http://twitter.com"" rel=""nofollow"">Twitter Web Client</a>",2381124445.0,,4.873295395726295e+17,717962799.0,Mandisa_X_36346,0.0,,,,0.0,0.0,0.0,,,,0.0,0.0,1.0,Thu Jul 10 20:17:21 +0000 2014,2014-07-10 22:17:21,2014-11-13 04:35:28,2014-11-13 04:35:28,1,0.5952208782915365
461261897384206336,"""Being challenged in life is inevitable, being defeated is optional."" - Roger Crawford","<a href=""http://twitter.com"" rel=""nofollow"">Twitter Web Client</a>",2384245830.0,,0.0,0.0,,0.0,,,,0.0,0.0,0.0,,,,0.0,0.0,0.0,Tue Apr 29 21:53:00 +0000 2014,2014-04-29 23:53:00,2014-11-13 04:46:38,2014-11-13 04:46:38,1,0.13947731393188936
482185594236194816,"@deirdrejay13 ""The key is not to prioritise what's on your schedule, but to schedule your priorities."" - Stephen Covey","<a href=""http://twitter.com"" rel=""nofollow"">Twitter Web Client</a>",2350216279.0,,4.821821922869576e+17,1849136204.0,deirdrejay13,0.0,,,,0.0,0.0,0.0,,,,0.0,0.0,1.0,Thu Jun 26 15:36:18 +0000 2014,2014-06-26 17:36:18,2014-11-13 01:47:03,2014-11-13 01:47:03,1,0.49450481425060766
484632833520979968,"@DEADGROT ""Make no small plans for they have no power to stir the soul."" - Niccolo Machiavelli","<a href=""http://twitter.com"" rel=""nofollow"">Twitter Web Client</a>",2372381948.0,,4.84580743440769e+17,330692043.0,DEADGROT,0.0,,,,0.0,0.0,0.0,,,,0.0,0.0,1.0,Thu Jul 03 09:40:46 +0000 2014,2014-07-03 11:40:46,2014-11-13 04:12:03,2014-11-13 04:12:03,1,0.15768994102681375
451745967503466496,"Rory tweeted ""From the byke"" and thought everything was kosher...lol","<a href=""http://twitter.com"" rel=""nofollow"">Twitter Web Client</a>",2355781981.0,,0.0,0.0,,0.0,,,,0.0,0.0,0.0,,,,0.0,0.0,0.0,Thu Apr 03 15:40:06 +0000 2014,2014-04-03 17:40:06,2014-11-13 02:55:05,2014-11-13 02:55:05,1,0.63000747444457
460098989287682048,@InSouthFlorida awsome,"<a href=""http://twitter.com"" rel=""nofollow"">Twitter Web Client</a>",2384989542.0,,4.600988372194099e+17,27151820.0,InSouthFlorida,0.0,,,,0.0,0.0,0.0,,,,0.0,0.0,1.0,Sat Apr 26 16:52:01 +0000 2014,2014-04-26 18:52:01,2014-11-13 04:52:28,2014-11-13 04:52:28,1,0.49246478775313346
21153069046,To open houses to sale into quot Eldoradoquot Springs CO   your local khost source with millions of declarations and thou  :-),"<a href=""http://dev.twitter.com/"" rel=""nofollow"">API</a>",81939329.0,,0.0,0.0,,0.0,,,,0.0,0.0,0.0,,,,0.0,0.0,0.0,1281795850000L,2010-08-14 16:24:10,0000-00-00 00:00:00,2014-04-16 23:58:17,1,0.33626798928197493
7637706708,@_MelineS kkkk\xb3 ^^,web,71328861.0,,7637674317.0,73752177.0,melineverger,0.0,,,,0.0,0.0,0.0,,,,0.0,0.0,1.0,1263233397000L,2010-01-11 19:09:57,0000-00-00 00:00:00,2014-04-16 23:58:08,1,0.5
2412869888,secretly sniffs lingering employment act,web,51872114.0,,0.0,0.0,,0.0,,,,0.0,0.0,0.0,,,,0.0,0.0,0.0,1246410490000L,2009-07-01 03:08:10,0000-00-00 00:00:00,2014-04-16 23:57:46,1,0.7180905296410712
2763434418,How to Value a Startup Part 5: Anything You Can Do I Can Do Better http://bit.ly/RAawF,"<a href=""http://twitterfeed.com"" rel=""nofollow"">twitterfeed</a>",16733141.0,,0.0,0.0,,0.0,,,,0.0,0.0,0.0,,,,0.0,1.0,0.0,1248204704000L,2009-07-21 21:31:44,0000-00-00 00:00:00,2014-04-16 23:57:25,1,0.5
25156239954,"There are dozens of different ways to use internet marketing, but email is one of the more overlooked by n... http://bit.ly/9h3N1h [plz RT]","<a href=""http://twitterfeed.com"" rel=""nofollow"">twitterfeed</a>",52996113.0,,0.0,0.0,,0.0,,,,0.0,0.0,0.0,,,,0.0,1.0,0.0,1285107279000L,2010-09-22 00:14:39,0000-00-00 00:00:00,2014-04-16 23:57:47,1,0.3773335216590322
18961397167,http://punyabustami.co.cc/james-camerons-avatar-movie-the-next-big-hit.htm/,"<a href=""http://dev.twitter.com/"" rel=""nofollow"">API</a>",29370531.0,,0.0,0.0,,0.0,,,,0.0,0.0,0.0,,,,0.0,1.0,0.0,1279593258000L,2010-07-20 04:34:18,0000-00-00 00:00:00,2014-04-16 23:57:31,1,0.42806021821329304
3900331559,i need some more friends :( http://ow.ly/nm8b,web,70257280.0,,0.0,0.0,,0.0,,,,0.0,0.0,0.0,,,,0.0,1.0,0.0,1252629334000L,2009-09-11 02:35:34,0000-00-00 00:00:00,2014-04-16 23:58:07,1,0.45313680565809167
19596161147,http://www.flogvip.net/awesome 135,web,104896954.0,,0.0,0.0,,0.0,,,,0.0,0.0,0.0,,,,0.0,1.0,0.0,1280171966000L,2010-07-26 21:19:26,0000-00-00 00:00:00,2014-04-16 23:58:35,1,0.30422699862022134
11705583755,@SamuewS Boa taarde amr... td beem?,web,83146524.0,,11705482739.0,86228994.0,Samuews,0.0,,,,0.0,0.0,0.0,,,,0.0,0.0,1.0,1270570132000L,2010-04-06 18:08:52,0000-00-00 00:00:00,2014-04-16 23:58:18,1,0.5308086167653374
10915559451,Altered Art \u2013 A Hot Trend - http://bit.ly/bUdxap,"<a href=""http://dev.twitter.com/"" rel=""nofollow"">API</a>",95045457.0,,0.0,0.0,,0.0,,,,0.0,0.0,0.0,,,,0.0,1.0,0.0,1269331274000L,2010-03-23 09:01:14,0000-00-00 00:00:00,2014-04-16 23:58:26,1,0.37097742785920024
11544469381,"Q:Como ta sendo seu feriado? -q A:ta PERFEITO, *---------* http://formspring.me/RuamaNascimento/q/389233321","<a href=""http://formspring.me"" rel=""nofollow"">Formspring.me</a>",48712444.0,,0.0,0.0,,0.0,,,,0.0,0.0,0.0,,,,0.0,1.0,0.0,1270315243000L,2010-04-03 19:20:43,0000-00-00 00:00:00,2014-04-16 23:57:39,1,0.5932064314499891
5433204008,"Mari diz: cross\xe3, seila",web,65177403.0,,0.0,0.0,,0.0,,,,0.0,0.0,0.0,,,,0.0,0.0,0.0,1257375756000L,2009-11-05 00:02:36,0000-00-00 00:00:00,2014-04-16 23:58:01,1,0.7943985642241067
25340794263,@intrometidos hauhauhahuhau ... mto boa !!!,web,105914055.0,,25305432440.0,114602328.0,intrometidos,0.0,,,,0.0,0.0,0.0,,,,0.0,0.0,1.0,1285274952000L,2010-09-23 22:49:12,0000-00-00 00:00:00,2014-04-16 23:58:36,1,0.5440191313536132
24569122502,Segue @begnamedeiros @begnamedeiros @begnamedeiros @begnamedeiros @begnamedeiros @begnamedeiros @begnamedeiros @begnamedeiros @begnamedeiros,web,74630038.0,,0.0,0.0,,0.0,,,,0.0,0.0,0.0,,,,0.0,0.0,9.0,1284556981000L,2010-09-15 15:23:01,0000-00-00 00:00:00,2014-04-16 23:58:10,1,0.5
15689473661,\u0e28\u0e39\u0e19\u0e22\u0e4c\u0e23\u0e27\u0e21\u0e1e\u0e23\u0e30\u0e40\u0e04\u0e23\u0e37\u0e48\u0e2d\u0e07\u0e1e\u0e23\u0e30\u0e1a\u0e39\u0e0a\u0e32\u0e19\u0e,"<a href=""http://drupal.org"" rel=""nofollow"">Drupal</a>",70071077.0,,0.0,0.0,,0.0,,,,0.0,0.0,0.0,,,,0.0,1.0,0.0,1275980713000L,2010-06-08 09:05:13,0000-00-00 00:00:00,2014-04-16 23:58:05,1,0.801119015351034
14030595428,Panel of knighttemplar  Panel Off hand Drop   Templars panel blocking  Panel Off hand Drop   Templars the pa  :-),"<a href=""http://dev.twitter.com/"" rel=""nofollow"">API</a>",103020806.0,,0.0,0.0,,0.0,,,,0.0,0.0,0.0,,,,0.0,0.0,0.0,1273919764000L,2010-05-15 12:36:04,0000-00-00 00:00:00,2014-04-16 23:58:31,1,0.396584111909956
10825515404,Increases your home's curb appeal! high quality beautiful solid wood exterior doors. Unlimited designs and shapes http://lx.im/4N9d #ad,"<a href=""http://www.tweetdeck.com"" rel=""nofollow"">TweetDeck</a>",117281140.0,,0.0,0.0,,0.0,,,,0.0,0.0,0.0,,,,1.0,1.0,0.0,1269185985000L,2010-03-21 16:39:45,0000-00-00 00:00:00,2014-04-16 23:58:42,1,0.44806419276397763
2254001920,"over $1,000 a day,automatically for you. Must see http://bit.ly/seMErz :)drankin on jack daniel",web,48968616.0,,0.0,0.0,,0.0,,,,0.0,0.0,0.0,,,,0.0,1.0,0.0,1245513878000L,2009-06-20 18:04:38,0000-00-00 00:00:00,2014-04-16 23:57:41,1,0.492529099659386
6775332854,@FRANKTSUNAMI boa noite :D,web,80175482.0,,6775311642.0,39701850.0,FRANKTSUNAMI,0.0,,,,0.0,0.0,0.0,,,,0.0,0.0,1.0,1261086092000L,2009-12-17 22:41:32,0000-00-00 00:00:00,2014-04-16 23:58:17,1,0.7581702532147916
3738959981,"Here's A Few Of The Stops To Launch The Biggest Opportunity Ever, Larry King, Oprah Winfrey. Now's The Time!  http://bit.ly/12EIUz","<a href=""http://www.twaitter.com"" rel=""nofollow"">Twaitter</a>",51872114.0,,0.0,0.0,,0.0,,,,0.0,0.0,0.0,,,,0.0,1.0,0.0,1252002236000L,2009-09-03 20:23:56,0000-00-00 00:00:00,2014-04-16 23:57:46,1,0.5469182666317325
7705279653,bom dia pra todos *-*,web,93273910.0,,0.0,0.0,,0.0,,,,0.0,0.0,0.0,,,,0.0,0.0,0.0,1263382923000L,2010-01-13 12:42:03,0000-00-00 00:00:00,2014-04-16 23:58:25,1,0.5185566434861297
26360299784,"Lead me, follow me, or get out of my way. George Patton","<a href=""http://www.socialoomph.com"" rel=""nofollow"">SocialOomph</a>",69744581.0,,0.0,0.0,,0.0,,,,0.0,0.0,0.0,,,,0.0,0.0,0.0,1286197821000L,2010-10-04 15:10:21,0000-00-00 00:00:00,2014-04-16 23:58:02,1,0.3231307333039144
4010733343,Offshore variation order impact assessment - http://tinyurl.com/ngjop4,"<a href=""http://dev.twitter.com/"" rel=""nofollow"">API</a>",47929648.0,,0.0,0.0,,0.0,,,,0.0,0.0,0.0,,,,0.0,1.0,0.0,1253041246000L,2009-09-15 21:00:46,0000-00-00 00:00:00,2014-04-16 23:57:39,1,0.42467525858428534
16029023171,"wow, it's so sad about MJ :(","<a href=""http://dev.twitter.com/"" rel=""nofollow"">API</a>",70257280.0,,0.0,0.0,,0.0,,,,0.0,0.0,0.0,,,,0.0,0.0,0.0,1276375815000L,2010-06-12 22:50:15,0000-00-00 00:00:00,2014-04-16 23:58:06,1,0.5355185390639746
2801629249,Mais folgado que eu: http://bit.ly/15Cnzp,web,47799788.0,,0.0,0.0,,0.0,,,,0.0,0.0,0.0,,,,0.0,1.0,0.0,1248369135000L,2009-07-23 19:12:15,0000-00-00 00:00:00,2014-04-16 23:57:38,1,0.5978539879230852
5459699445,I got 100 followers using http://4gk.com/2416 . Check it out!,"<a href=""http://dev.twitter.com/"" rel=""nofollow"">API</a>",86545217.0,,0.0,0.0,,0.0,,,,0.0,0.0,0.0,,,,0.0,1.0,0.0,1257454794000L,2009-11-05 21:59:54,0000-00-00 00:00:00,2014-04-16 23:58:21,1,0.29530753762689504
29119732268,A7Fold @top10mtv '-',"<a href=""http://mobile.twitter.com"" rel=""nofollow"">Mobile Web</a>",69908675.0,,0.0,0.0,,0.0,,,,0.0,0.0,0.0,,,,0.0,0.0,1.0,1288383626000L,2010-10-29 22:20:26,0000-00-00 00:00:00,2014-04-16 23:58:04,1,0.4559723995760882
3936910165,Maintenance failures led to electric shock - http://tinyurl.com/p9azcd,"<a href=""http://dev.twitter.com/"" rel=""nofollow"">API</a>",47929648.0,,0.0,0.0,,0.0,,,,0.0,0.0,0.0,,,,0.0,1.0,0.0,1252774845000L,2009-09-12 19:00:45,0000-00-00 00:00:00,2014-04-16 23:57:39,1,0.6305031714931266
19411436470,"http://bit.ly/pro2020 For a limited time, get an incredible $788 of marketing info for one buck. Straight-up offer with no catches","<a href=""http://www.socialoomph.com"" rel=""nofollow"">SocialOomph</a>",69744581.0,,0.0,0.0,,0.0,,,,0.0,0.0,0.0,,,,0.0,1.0,0.0,1279966091000L,2010-07-24 12:08:11,0000-00-00 00:00:00,2014-04-16 23:58:04,1,0.5
7871689089,VC vaii mi add agorinha n\xe9 http://www.orkut.com.br/Main#Profile?uid=11315200863622313464&rl=t ..aaahh vaii siim ;D,web,46810284.0,,0.0,0.0,,0.0,,,,0.0,0.0,0.0,,,,1.0,1.0,0.0,1263752677000L,2010-01-17 19:24:37,0000-00-00 00:00:00,2014-04-16 23:57:36,1,0.6345027512785777
4445237889,"watch the video of trump talking about his new network, and check out the products http://bit.ly/4CC9X","<a href=""http://www.twaitter.com"" rel=""nofollow"">Twaitter</a>",73533563.0,,0.0,0.0,,0.0,,,,0.0,0.0,0.0,,,,0.0,1.0,0.0,1254152317000L,2009-09-28 17:38:37,0000-00-00 00:00:00,2014-04-16 23:58:09,1,0.5203919014959656
5347582704,"Gra\xe7as a Deus minha tosse passou   o/   ... bem melhor agora,antes eu nem podia falar direito  =/",web,56138977.0,,0.0,0.0,,0.0,,,,0.0,0.0,0.0,,,,0.0,0.0,0.0,1257113811000L,2009-11-01 23:16:51,0000-00-00 00:00:00,2014-04-16 23:57:53,1,0.5872848457623833
2441912027,Value a startup through a collage of valuations - http://bit.ly/wE0WY,"<a href=""http://dev.twitter.com/"" rel=""nofollow"">API</a>",16733141.0,,0.0,0.0,,0.0,,,,0.0,0.0,0.0,,,,0.0,1.0,0.0,1246563058000L,2009-07-02 21:30:58,0000-00-00 00:00:00,2014-04-16 23:57:26,1,0.5218974619628048
11098667625,"New post, ""CNOOC\u2019s LNG Deal"" - http://bit.ly/baDXyV","<a href=""http://ping.fm/"" rel=""nofollow"">Ping.fm</a>",10788822.0,,0.0,0.0,,0.0,,,,0.0,0.0,0.0,,,,0.0,1.0,0.0,1269621918000L,2010-03-26 17:45:18,0000-00-00 00:00:00,2014-04-16 23:57:20,1,0.461882788365195
2390248206,"Brazil ranked 2nd-most-attractive for PE investments, behind China, ahead of India - http://tinyurl.com/nadydq via @jimgeddes",web,16733141.0,,0.0,0.0,,0.0,,,,0.0,0.0,0.0,,,,0.0,1.0,1.0,1246295907000L,2009-06-29 19:18:27,0000-00-00 00:00:00,2014-04-16 23:57:26,1,0.4776077774086387
4846689386,volteeeeei!,web,62379266.0,,0.0,0.0,,0.0,,,,0.0,0.0,0.0,,,,0.0,0.0,0.0,1255473799000L,2009-10-14 00:43:19,0000-00-00 00:00:00,2014-04-16 23:57:58,1,0.5
29395943803,@luansantanaevc segue a @AnneLiliere ela te ama,web,78952944.0,,0.0,0.0,,0.0,,,,0.0,0.0,0.0,,,,0.0,0.0,2.0,1288636267000L,2010-11-01 19:31:07,0000-00-00 00:00:00,2014-04-16 23:58:12,1,0.5122092623523155
27816540006,@BuddaCo 98610 Facebook The Mark Zuckerberg Story Earn Extra Money From Advertising very nice promo -http://tinyurl.com/275s4bw,"<a href=""http://www.hootsuite.com"" rel=""nofollow"">HootSuite</a>",51571349.0,,0.0,0.0,,0.0,,,,0.0,0.0,0.0,,,,0.0,1.0,1.0,1287480002000L,2010-10-19 11:20:02,0000-00-00 00:00:00,2014-04-16 23:57:44,1,0.529694576832447
27204706635,eu arrancaria o pesco\xe7o deles com os dentes :D (@TatianeSouzaa live on http://twitcam.com/2d2ru),"<a href=""http://twitcam.com"" rel=""nofollow"">Twitcam.com</a>",55939337.0,,0.0,0.0,,0.0,,,,0.0,0.0,0.0,,,,0.0,1.0,1.0,1286939477000L,2010-10-13 05:11:17,0000-00-00 00:00:00,2014-04-16 23:57:53,1,0.5517315842476288
7670639753,nuss fikei um boum tempoo 100 escrever nd,web,102091443.0,,0.0,0.0,,0.0,,,,0.0,0.0,0.0,,,,0.0,0.0,0.0,1263307032000L,2010-01-12 15:37:12,0000-00-00 00:00:00,2014-04-16 23:58:30,1,0.3883888838704124
8050918181,"Viciei no #MaisFollowers, ganho muitos seguidores em pouco tempo, recomendo e confio sempre --> http://bit.ly/6hMIgO","<a href=""http://dev.twitter.com/"" rel=""nofollow"">API</a>",96668347.0,,0.0,0.0,,0.0,,,,0.0,0.0,0.0,,,,1.0,1.0,0.0,1264124594000L,2010-01-22 02:43:14,0000-00-00 00:00:00,2014-04-16 23:58:27,1,0.6628122191390049
13048578527,@AUGUSTOCALAZANS si amigo te gusta hablar espa\xf1ol jajaja que tengas una hermosa noche amigo Dios te bendiga xP,"<a href=""http://mobile.twitter.com"" rel=""nofollow"">mobile web</a>",74630038.0,,13048364305.0,61116586.0,AUGUSTOCALAZANS,0.0,,,,0.0,0.0,0.0,,,,0.0,0.0,1.0,1272513149000L,2010-04-29 05:52:29,0000-00-00 00:00:00,2014-04-16 23:58:11,1,0.46523254626922655
4077636330,@woddsare I also love to watch movies online. The site I use all the time is www.wrsap.com,web,75266711.0,,4077564004.0,10146892.0,woddsare,0.0,,,,0.0,0.0,0.0,,,,0.0,1.0,1.0,1253277369000L,2009-09-18 14:36:09,0000-00-00 00:00:00,2014-04-16 23:58:12,1,0.4666997587600201
4663334999,SEGUINDO TWITADORES> @Ruan_dziuba @MathMendes @johnnypio @iago_willy @tavaresdiiegoo,web,64535153.0,,0.0,0.0,,0.0,,,,0.0,0.0,0.0,,,,0.0,0.0,5.0,1254859356000L,2009-10-06 22:02:36,0000-00-00 00:00:00,2014-04-16 23:58:00,1,0.5076487146882765
8048594476,indico > @NanaRicci16 ! acabei com as indica\xe7oes por hje !,web,98054801.0,,0.0,0.0,,0.0,,,,0.0,0.0,0.0,,,,0.0,0.0,1.0,1264120694000L,2010-01-22 01:38:14,0000-00-00 00:00:00,2014-04-16 23:58:28,1,0.4167831992955512
8248667118,Ganhei 794 followers s\xf3 hoje atrav\xe9s do #MaisFollowers funcionando 100% --> http://bit.ly/c6JXla,"<a href=""http://dev.twitter.com/"" rel=""nofollow"">API</a>",103568736.0,,0.0,0.0,,0.0,,,,0.0,0.0,0.0,,,,1.0,1.0,0.0,1264536705000L,2010-01-26 21:11:45,0000-00-00 00:00:00,2014-04-16 23:58:32,1,0.6155675982640875
15193252576,"""The true measure of a man is how he treats someone who can do him absolutely no good."" - Ann Landers","<a href=""http://splitweet.com"" rel=""nofollow"">Splitweet</a>",70464419.0,,0.0,0.0,,0.0,,,,0.0,0.0,0.0,,,,0.0,0.0,0.0,1275414334000L,2010-06-01 19:45:34,0000-00-00 00:00:00,2014-04-16 23:58:08,1,0.48782116402791187
9436936741,@JuuhhMartins  iae  se \xe9 de onde ?,web,61885447.0,,9436733045.0,79176170.0,juuh_mdm,0.0,,,,0.0,0.0,0.0,,,,0.0,0.0,1.0,1266773374000L,2010-02-21 18:29:34,0000-00-00 00:00:00,2014-04-16 23:57:57,1,0.5
8519607452,>>>>>What is a 710? <<<<<  http://hopurl.com/74621,web,62643392.0,,0.0,0.0,,0.0,,,,0.0,0.0,0.0,,,,0.0,1.0,0.0,1265068540000L,2010-02-02 00:55:40,0000-00-00 00:00:00,2014-04-16 23:57:58,1,0.5092148891236704
5863220490,setiap apa yang betul bukanlah kebetulan apa yang benar tidak semestinya suatu kebenaran #cek123 mobile banking,"<a href=""http://dev.twitter.com/"" rel=""nofollow"">API</a>",86866954.0,,0.0,0.0,,0.0,,,,0.0,0.0,0.0,,,,1.0,0.0,0.0,1258651784000L,2009-11-19 18:29:44,0000-00-00 00:00:00,2014-04-16 23:58:22,1,0.46221105242424154
19595633179,http://www.flogvip.net/awesome 589,web,104896954.0,,0.0,0.0,,0.0,,,,0.0,0.0,0.0,,,,0.0,1.0,0.0,1280171409000L,2010-07-26 21:10:09,0000-00-00 00:00:00,2014-04-16 23:58:35,1,0.4662323795092736
5611463258,I got 100 followers using http://4gk.com/2679 . Check it out!,"<a href=""http://dev.twitter.com/"" rel=""nofollow"">API</a>",86545217.0,,0.0,0.0,,0.0,,,,0.0,0.0,0.0,,,,0.0,1.0,0.0,1257917830000L,2009-11-11 06:37:10,0000-00-00 00:00:00,2014-04-16 23:58:21,1,0.4885707811337652
4719035899,indico @izapatussi,web,76793185.0,,0.0,0.0,,0.0,,,,0.0,0.0,0.0,,,,0.0,0.0,1.0,1255041565000L,2009-10-09 00:39:25,0000-00-00 00:00:00,2014-04-16 23:58:12,1,0.44429203919880755
15842541180,The generation gap: towards Generation Z - http://tinyurl.com/387mfol,"<a href=""http://dev.twitter.com/"" rel=""nofollow"">API</a>",47929648.0,,0.0,0.0,,0.0,,,,0.0,0.0,0.0,,,,0.0,1.0,0.0,1276167604000L,2010-06-10 13:00:04,0000-00-00 00:00:00,2014-04-16 23:57:38,1,0.5
125213663,Video 2 of twt exposed has arrived. The naked Twitter Truth... http://www.twtexposed.com,"<a href=""http://www.hootsuite.com"" rel=""nofollow"">HootSuite</a>",19581787.0,,0.0,0.0,,0.0,,,,0.0,0.0,0.0,,,,0.0,1.0,0.0,1235617803000L,2009-02-26 04:10:03,0000-00-00 00:00:00,2014-04-16 23:57:27,1,0.450117471379451
4505126358,@ZeZiiinhO qnos anos vs tem msm ? :O,web,64535153.0,,4504951342.0,64203079.0,ZeZiiinhO,0.0,,,,0.0,0.0,0.0,,,,0.0,0.0,1.0,1254339329000L,2009-09-30 21:35:29,0000-00-00 00:00:00,2014-04-16 23:58:01,1,0.6403521902320707
10052707780,"@Alissow ae vey, como q eu entro em blood castle la no ot? o q eu uso \xe9 o seu msm, o alissow, como q eu entro no blood castle nele?",web,55939337.0,,0.0,0.0,,0.0,,,,0.0,0.0,0.0,,,,0.0,0.0,1.0,1267839656000L,2010-03-06 02:40:56,0000-00-00 00:00:00,2014-04-16 23:57:53,1,0.5
19593206898,Euro: Looking for an Upside Breakout: The European stress tests are now behind us and unfortunately they failed to... http://bit.ly/9MiSvR,"<a href=""http://twitterfeed.com"" rel=""nofollow"">twitterfeed</a>",10788822.0,,0.0,0.0,,0.0,,,,0.0,0.0,0.0,,,,0.0,1.0,0.0,1280168862000L,2010-07-26 20:27:42,0000-00-00 00:00:00,2014-04-16 23:57:19,1,0.48678349631882384
5663807061,"manda assim pra galera que te do RT (Sig\xe3o o @kevin_bueno que ele te segue de volta *---------* ......,,",web,57518018.0,,0.0,0.0,,0.0,,,,0.0,0.0,0.0,,,,0.0,0.0,1.0,1258069523000L,2009-11-13 00:45:23,0000-00-00 00:00:00,2014-04-16 23:57:55,1,0.27262126728140745
3476666252,"@dudaachiquetti @juliagrach OAIEOAIOEIAI,mais so briga por tuwitter vcs duas sem agress\xe3o fisica OIAEOIEOAI",web,54234822.0,,3476623719.0,61009860.0,dudaachiquetti,0.0,,,,0.0,0.0,0.0,,,,0.0,0.0,2.0,1250966967000L,2009-08-22 20:49:27,0000-00-00 00:00:00,2014-04-16 23:57:49,1,0.5
14340099361,\u2588\u2560\u25ba #FF http://qazx.tk/mkm @chazeboo @cushTEES @thehaloss @prettynwhatever @LESSTALKnMOHEAD @SnickerTee @chadm @Musiic_Fanatiic @imbi,"<a href=""http://dev.twitter.com/"" rel=""nofollow"">API</a>",82100038.0,,0.0,0.0,,0.0,,,,0.0,0.0,0.0,,,,1.0,1.0,9.0,1274329812000L,2010-05-20 06:30:12,0000-00-00 00:00:00,2014-04-16 23:58:18,1,0.5875609594276207
27186266074,saindo aki ;*,web,74630038.0,,0.0,0.0,,0.0,,,,0.0,0.0,0.0,,,,0.0,0.0,0.0,1286927866000L,2010-10-13 01:57:46,0000-00-00 00:00:00,2014-04-16 23:58:10,1,0.5
5648436090,Conde Nast Ad Pages Plummet but Not All Doom and Gloom for Magazines: Not to \u2018dog pile\u2019 on an industry and a co.. http://bit.ly/435hl3,"<a href=""http://twitterfeed.com"" rel=""nofollow"">twitterfeed</a>",9524952.0,,0.0,0.0,,0.0,,,,0.0,0.0,0.0,,,,0.0,1.0,0.0,1258031407000L,2009-11-12 14:10:07,0000-00-00 00:00:00,2014-04-16 23:57:19,1,0.5887000591051921
5228975839,"Pennsylvania Preppers Network: The Benefits of Buying ""Junk Silver ... http://bit.ly/gQDAj","<a href=""http://twitterfeed.com"" rel=""nofollow"">twitterfeed</a>",14826060.0,,0.0,0.0,,0.0,,,,0.0,0.0,0.0,,,,0.0,1.0,0.0,1256733274000L,2009-10-28 13:34:34,0000-00-00 00:00:00,2014-04-16 23:57:23,1,0.4817621445146209
3256831370,Be prepared to suffer significant loss if due diligence is lacking in a deal: http://bit.ly/fEAJS Thx for RTs! @propelict @AdvertisingLaw,"<a href=""http://dev.twitter.com/"" rel=""nofollow"">API</a>",16733141.0,,0.0,0.0,,0.0,,,,0.0,0.0,0.0,,,,0.0,1.0,2.0,1250041881000L,2009-08-12 03:51:21,0000-00-00 00:00:00,2014-04-16 23:57:25,1,0.552409140074244
20267605814,A cloudy day is no match for a sunny disposition. William Arthur Ward,"<a href=""http://www.socialoomph.com"" rel=""nofollow"">SocialOomph</a>",69744581.0,,0.0,0.0,,0.0,,,,0.0,0.0,0.0,,,,0.0,0.0,0.0,1280886200000L,2010-08-04 03:43:20,0000-00-00 00:00:00,2014-04-16 23:58:03,1,0.4609121126852408
29696346572,Justi\xe7a nega liberdade a PMs conhecidos como 'highlanders' http://ff.im/-taF6q,"<a href=""http://friendfeed.com"" rel=""nofollow"">FriendFeed</a>",38195080.0,,0.0,0.0,,0.0,,,,0.0,0.0,0.0,,,,0.0,1.0,0.0,1288900615000L,2010-11-04 20:56:55,0000-00-00 00:00:00,2014-04-16 23:57:33,1,0.6962467155412088
3522579924,"It's not what you are going to do, but it's what you're doing now that counts. Napoleon Hill","<a href=""http://www.twaitter.com"" rel=""nofollow"">Twaitter</a>",54353595.0,,0.0,0.0,,0.0,,,,0.0,0.0,0.0,,,,0.0,0.0,0.0,1251155430000L,2009-08-25 01:10:30,0000-00-00 00:00:00,2014-04-16 23:57:51,1,0.4340916025206887
4894337992,INDICA\xc7AO>>> @tuanegama @tuanegama @tuanegama @tuanegama ;**,web,81167512.0,,0.0,0.0,,0.0,,,,0.0,0.0,0.0,,,,0.0,0.0,4.0,1255629294000L,2009-10-15 19:54:54,0000-00-00 00:00:00,2014-04-16 23:58:17,1,0.47114083672816487
11343896233,Daria um bra\xe7o pra ver a cara da Lia quando o Cadu largou ela sozinha no palco e foi beijar a namorada.,web,59507538.0,,0.0,0.0,,0.0,,,,0.0,0.0,0.0,,,,0.0,0.0,0.0,1270003506000L,2010-03-31 04:45:06,0000-00-00 00:00:00,2014-04-16 23:57:56,1,0.5
3866158044,"You Have That Opportunity Right Now, Right Here, With A Company About To Skyrocket To Over $1B+ in sales.. http://bit.ly/12EIUz","<a href=""http://www.twaitter.com"" rel=""nofollow"">Twaitter</a>",51872114.0,,0.0,0.0,,0.0,,,,0.0,0.0,0.0,,,,0.0,1.0,0.0,1252513319000L,2009-09-09 18:21:59,0000-00-00 00:00:00,2014-04-16 23:57:45,1,0.3529231362255978
5397160074,s\xf3 irei seguir quem me seguir,web,87222319.0,,0.0,0.0,,0.0,,,,0.0,0.0,0.0,,,,0.0,0.0,0.0,1257270708000L,2009-11-03 18:51:48,0000-00-00 00:00:00,2014-04-16 23:58:24,1,0.26550719346821783
13559213260,Get FOR FREE TWITTER FOLLOWERS  http://tinyurl.com/2da7qz4,"<a href=""http://dev.twitter.com/"" rel=""nofollow"">API</a>",93262347.0,,0.0,0.0,,0.0,,,,0.0,0.0,0.0,,,,0.0,1.0,0.0,1273252104000L,2010-05-07 19:08:24,0000-00-00 00:00:00,2014-04-16 23:58:25,1,0.5438607476988219
5895435769,"we know what we are, but know not what we may be #cek123 xl berkali-kali","<a href=""http://dev.twitter.com/"" rel=""nofollow"">API</a>",86866954.0,,0.0,0.0,,0.0,,,,0.0,0.0,0.0,,,,1.0,0.0,0.0,1258738979000L,2009-11-20 18:42:59,0000-00-00 00:00:00,2014-04-16 23:58:22,1,0.46902148882837325
22745728901,[WOW]GET 100 FREE TWITTER FOLLOWERS!  http://tinyurl.com/2cts9sa,"<a href=""http://dev.twitter.com/"" rel=""nofollow"">API</a>",46810284.0,,0.0,0.0,,0.0,,,,0.0,0.0,0.0,,,,0.0,1.0,0.0,1283379749000L,2010-09-02 00:22:29,0000-00-00 00:00:00,2014-04-16 23:57:35,1,0.43770572050625245
20588511726,"If youre into Internet MKTing, would you trade $1 for an incredible $788 of marketing info? http://bit.ly/pro2020","<a href=""http://www.socialoomph.com"" rel=""nofollow"">SocialOomph</a>",69744581.0,,0.0,0.0,,0.0,,,,0.0,0.0,0.0,,,,0.0,1.0,0.0,1281227361000L,2010-08-08 02:29:21,0000-00-00 00:00:00,2014-04-16 23:58:03,1,0.4691416372431978
6182640045,You can make money on Twitter by getting sponsored by companies that match your audience... visit http://ad.ly/refer/1712642650,web,53792078.0,,0.0,0.0,,0.0,,,,0.0,0.0,0.0,,,,0.0,1.0,0.0,1259535196000L,2009-11-29 23:53:16,0000-00-00 00:00:00,2014-04-16 23:57:49,1,0.419286524979649
11987278591,Fiddling with my blog post:  ( http://www.mysupergenie.com/forexnewsletter/1770/9-forex-system-you-can-learn-ebook-cd/ ),"<a href=""http://dev.twitter.com/"" rel=""nofollow"">API</a>",14596967.0,,0.0,0.0,,0.0,,,,0.0,0.0,0.0,,,,0.0,1.0,0.0,1270986360000L,2010-04-11 13:46:00,0000-00-00 00:00:00,2014-04-16 23:57:22,1,0.5
21784762333,@RoscoeDash - Take it Down (feat. Kalio & P.O.) )Prod By Ke) - @HotNewHipHop.com,web,78952944.0,,0.0,0.0,,0.0,,,,0.0,0.0,0.0,,,,0.0,0.0,2.0,1282432873000L,2010-08-22 01:21:13,0000-00-00 00:00:00,2014-04-16 23:58:13,1,0.46173890877565604
8385412159,anyone want to chat with me? :) http://ow.ly/nm8b,web,70257280.0,,0.0,0.0,,0.0,,,,0.0,0.0,0.0,,,,0.0,1.0,0.0,1264801811000L,2010-01-29 22:50:11,0000-00-00 00:00:00,2014-04-16 23:58:06,1,0.48962495051082044
2821116792,13:22 eu voutei aqui pra net.. iai q q eu perdi?,web,59507538.0,,0.0,0.0,,0.0,,,,0.0,0.0,0.0,,,,0.0,0.0,0.0,1248452570000L,2009-07-24 18:22:50,0000-00-00 00:00:00,2014-04-16 23:57:56,1,0.5394462038712524
21195537840,http://punyabustami.co.cc/how-to-download-the-a-team-2010-movie-download-watch-the-a-team-2010-for-free.htm/,"<a href=""http://dev.twitter.com/"" rel=""nofollow"">API</a>",29370531.0,,0.0,0.0,,0.0,,,,0.0,0.0,0.0,,,,0.0,1.0,0.0,1281838399000L,2010-08-15 04:13:19,0000-00-00 00:00:00,2014-04-16 23:57:31,1,0.3963512208074618
12050244945,NOT MY NIPS!! (4.10.10 - Day 345): \n\nNOT MY NIPS!! (4.10.10 - Day 345)\n\nget the iPhone/iPod app free @ http://bit.... http://bit.ly/9FCFgW,"<a href=""http://twitterfeed.com"" rel=""nofollow"">twitterfeed</a>",117281140.0,,0.0,0.0,,0.0,,,,0.0,0.0,0.0,,,,0.0,2.0,0.0,1271084246000L,2010-04-12 16:57:26,0000-00-00 00:00:00,2014-04-16 23:58:41,1,0.5052092164028649
3661884882,I don't know.,web,55028106.0,,0.0,0.0,,0.0,,,,0.0,0.0,0.0,,,,0.0,0.0,0.0,1251705489000L,2009-08-31 09:58:09,0000-00-00 00:00:00,2014-04-16 23:57:51,1,0.8066632012174129
5537496675,flameengo,web,60712050.0,,0.0,0.0,,0.0,,,,0.0,0.0,0.0,,,,0.0,0.0,0.0,1257705385000L,2009-11-08 19:36:25,0000-00-00 00:00:00,2014-04-16 23:57:56,1,0.5331285005211506
8057157576,vou ir jogar habbo \\o/ #habbo,web,100394441.0,,0.0,0.0,,0.0,,,,0.0,0.0,0.0,,,,1.0,0.0,0.0,1264134848000L,2010-01-22 05:34:08,0000-00-00 00:00:00,2014-04-16 23:58:29,1,0.5518748889379576
21509398569,Recomendo este site para ganhar seguidores. Ainda eh possivel. Aproveite: http://bit.ly/avo8V8,"<a href=""http://dev.twitter.com/"" rel=""nofollow"">API</a>",46810284.0,,0.0,0.0,,0.0,,,,0.0,0.0,0.0,,,,0.0,1.0,0.0,1282154816000L,2010-08-18 20:06:56,0000-00-00 00:00:00,2014-04-16 23:57:35,1,0.48989256890793
6607838167,"Acabo de completar ""Saiba se voc\xea \xe9 bonito(a)"" e meu resultado foi: Bonito(a)! Experimente: http://bit.ly/8ZIXlW","<a href=""http://fun140.com/"" rel=""nofollow"">Fun140</a>",68248735.0,,0.0,0.0,,0.0,,,,0.0,0.0,0.0,,,,0.0,1.0,0.0,1260648342000L,2009-12-12 21:05:42,0000-00-00 00:00:00,2014-04-16 23:58:02,1,0.5
28906964259,http://fb.me/JGAAgWQR,"<a href=""http://www.facebook.com/twitter"" rel=""nofollow"">Facebook</a>",95045457.0,,0.0,0.0,,0.0,,,,0.0,0.0,0.0,,,,0.0,1.0,0.0,1288198327000L,2010-10-27 18:52:07,0000-00-00 00:00:00,2014-04-16 23:58:26,1,0.5124356235508265
124511665,This is going to be a huge hit on Twitter... http://www.twtexposed.com,"<a href=""http://www.hootsuite.com"" rel=""nofollow"">HootSuite</a>",19581787.0,,0.0,0.0,,0.0,,,,0.0,0.0,0.0,,,,0.0,1.0,0.0,1235488203000L,2009-02-24 16:10:03,0000-00-00 00:00:00,2014-04-16 23:57:27,1,0.33190018574920754
7506824266,@eduardopastor que bueno caiociaocia ... sera que tu tem meu msn ?,web,57518018.0,,7506779258.0,54793113.0,EduardoPastor,0.0,,,,0.0,0.0,0.0,,,,0.0,0.0,1.0,1262925747000L,2010-01-08 05:42:27,0000-00-00 00:00:00,2014-04-16 23:57:54,1,0.33636960217476464
359735643607040,A pequena e astuta gaivota http://ff.im/-tbzrs,"<a href=""http://friendfeed.com"" rel=""nofollow"">FriendFeed</a>",38195080.0,,0.0,0.0,,0.0,,,,0.0,0.0,0.0,,,,0.0,1.0,0.0,1288920742000L,2010-11-05 02:32:22,0000-00-00 00:00:00,2014-04-16 23:57:33,1,0.5
27486963572,"costuma colocar coisas no subnick do msn, que s\xf3 voc\xea entende? \u2014 ahaan, tipo SS 24 hras kkkkkkkkkkkk' http://4ms.me/dwkjnC","<a href=""http://formspring.me"" rel=""nofollow"">Formspring.me</a>",79482809.0,,0.0,0.0,,0.0,,,,0.0,0.0,0.0,,,,0.0,1.0,0.0,1287184377000L,2010-10-16 01:12:57,0000-00-00 00:00:00,2014-04-16 23:58:16,1,0.8350749422085978
7525418638,"O #MaisFollowers realmente funciona, d\xe1 pra ganhar muitos followers: http://iref.ws/dD","<a href=""http://dev.twitter.com/"" rel=""nofollow"">API</a>",93273910.0,,0.0,0.0,,0.0,,,,0.0,0.0,0.0,,,,1.0,1.0,0.0,1262970816000L,2010-01-08 18:13:36,0000-00-00 00:00:00,2014-04-16 23:58:25,1,0.399249115732217
21424322635,I've always believed that you can think positive just as well as you can think negative. Sugar Ray Robinson,"<a href=""http://www.socialoomph.com"" rel=""nofollow"">SocialOomph</a>",69744581.0,,0.0,0.0,,0.0,,,,0.0,0.0,0.0,,,,0.0,0.0,0.0,1282070265000L,2010-08-17 20:37:45,0000-00-00 00:00:00,2014-04-16 23:58:03,1,0.12806378917628938
7392224343,"@anapollynaa huum, que bom \\o/",web,100394441.0,,0.0,0.0,,0.0,,,,0.0,0.0,0.0,,,,0.0,0.0,1.0,1262665307000L,2010-01-05 05:21:47,0000-00-00 00:00:00,2014-04-16 23:58:29,1,0.3943462586057272
4317922645,desculpa deu problema aqui :/ quem eu n\xe3o indiquei me chame aqui por favor  :D,web,57518018.0,,0.0,0.0,,0.0,,,,0.0,0.0,0.0,,,,0.0,0.0,0.0,1253720311000L,2009-09-23 17:38:31,0000-00-00 00:00:00,2014-04-16 23:57:55,1,0.530500341990362
18158459768,"siite com novo estiilo olhem gente ,digam o que acharam :] http://www.jonasbbr.tk/ 3",web,78952944.0,,0.0,0.0,,0.0,,,,0.0,0.0,0.0,,,,0.0,1.0,0.0,1278721810000L,2010-07-10 02:30:10,0000-00-00 00:00:00,2014-04-16 23:58:14,1,0.47075144971124555
4506734910,"@tommcfly PLEASE REPLY BACK*-* , i love you so much, you are perfect , i love you so muuuuuch, come to brazil , *---* *-*",web,64535153.0,,0.0,0.0,,0.0,,,,0.0,0.0,0.0,,,,0.0,0.0,1.0,1254343697000L,2009-09-30 22:48:17,0000-00-00 00:00:00,2014-04-16 23:58:01,1,0.656615317803344
8291233167,Q:antes eu n\xe3o taava logada sakspoaksoa A:KKKKKKKKKKKKKKKKK *----* http://formspring.me/ammynascimento/q/84586159,"<a href=""http://formspring.me"" rel=""nofollow"">Formspring.me</a>",48712444.0,,0.0,0.0,,0.0,,,,0.0,0.0,0.0,,,,0.0,1.0,0.0,1264621151000L,2010-01-27 20:39:11,0000-00-00 00:00:00,2014-04-16 23:57:40,1,0.4842102568375022
