text,Bot,Fraud
#Ð¡Ð ÐÐ§ÐÐ Ð Ð°Ð±Ð¾ÑÐ° #Facebook Ð¸ #Instagram Ð²Ð¾ÑÑÑÐ°Ð½Ð¾Ð²Ð»ÐµÐ½Ð° #news #Ð½Ð¾Ð²Ð¾ÑÑÐ¸ #Ð¸Ð½ÑÐµÑÐµÐ½Ñ #ÑÐ¾ÑÑÐµÑÑ #ÑÐ±Ð¾Ð¹,0,Not Fraud
Sun going up...on a tuesday,0,Not Fraud
taylor looks so pretty in black space,0,Not Fraud
"""@TooFunniest: That moment on a test when you decided to change your answer, and right after the test your answer before was right"" -so true",0,Not Fraud
@HaveyGravy smh you left me,0,Fraud
The departmental exam ended my life,0,Not Fraud
Sino sa buhay mo ang ninanais mong nakilala mo sana nang mas maaga? â Yung mga former Lady Spikers sana. http://t.co/W2QnpyNXWy,0,Fraud
RT @BranninWGL: ,0,Not Fraud
"Hey bitch. Be happy. You know.... ""YOLO"" IKR! ",0,Not Fraud
Done. #bathhalf,0,Not Fraud
"When life gives you lemons, be grateful. iâll boost your immunity.",0,Not Fraud
RT @ARapperSaid_: BRUH ,0,Not Fraud
@itsohsodemi lightweight!!  #votedemilovato,0,Not Fraud
Can i just like cuss out my health teacher for not leaving her damn email anywhere on the syllabus. Like i need to be in contact with you!!!,0,Fraud
"Whenever I get down on the #Rangers pitching I try to remember:DarvishHollandHarrisonPerezNothing similar for the hitting, though.",0,Not Fraud
@phubans I thought Twitter didn't allow porn. Oh well. *orgasms*,0,Not Fraud
"@_rajy Tut, tut",0,Not Fraud
#BREAKING #Mi8 #helicopter missing in #Kamchatka #news #Russia,0,Not Fraud
I posted a new photo to Facebook http://t.co/ZUrdkwL2n3,0,Not Fraud
She walks in the salon and says cut it all off and after the fact u wanna cry!?!?Girl behave eh!!!,0,Fraud
@D_Murray2 deactivate immediately you disgrace,0,Fraud
RT @Xx101xx_: Ø§ÙÙ ÙÙ Ø±ÙÙÙØ³ÙØ© #Ø§ÙØ­ÙØª ÙÙÙ ÙÙÙÙ Ø±Ø§ÙÙâ¤,0,Not Fraud
oh the lopez network isreally pushing grace poe's candidacy. Like nung ginawa sa life story ni cayetano which propelled pia cayetano to win,0,Not Fraud
Little machine proved to be monstrous ... #chollistanjeeprally2014 #4x4 #RZR #1000cc http://t.co/AB8oUgz0cI,0,Not Fraud
The Shanky Daily is out! http://t.co/reQn0AuMQV,0,Fraud
"â@TheTrippyGod: Simplicity has been forgotten, but loved and praised daily by the enlightened.â",0,Not Fraud
Gara jud dong ha,0,Not Fraud
Â¿En quÃ© momento te sentiste realmente orgulloso de ti... â Cuando comencÃ© a poder abrir los botes de conservas y... http://t.co/kqmYZCqlHD,0,Not Fraud
@reiriim if i arrive before you i'll be loveliving at the ximen exit,0,Fraud
@justinbieber JUSTIN YOU ARE NOT HELPING MY STABILITY,0,Not Fraud
"RT @MyVaranasi: à¤°à¤¾à¤®à¤¨à¤à¤° à¤®à¥à¤ ""à¤¬à¤¾à¤² à¤à¤¿à¤¶à¥à¤° à¤à¥à¤¹"" à¤à¥ à¤ªà¤¶à¥à¤à¤¾à¤¤ , à¤à¤¿à¤¶à¥à¤°à¤¿à¤¯à¥à¤ à¤¹à¥à¤¤à¥ ""à¤¸à¤à¤µà¤¾à¤¸à¤¿à¤¨à¥ à¤à¥à¤¹"" à¤¹à¥à¤¤à¥ à¤¶à¤¾à¤¸à¤¨ à¤à¥ à¤ªà¥à¤°à¤¸à¥à¤¤à¤¾à¤µ à¤ªà¥à¤°à¥à¤·à¤¿à¤¤, à¤­à¥à¤®à¤¿ à¤à¤¯à¤¨ à¤ªà¥à¤°à¤à¥à¤°à¤¿à¤¯à¤¾ à¤à¤¾à¤°à¥â¦",0,Fraud
@LA2ZY @christelle_pql j'ai des chance,0,Not Fraud
"Green day, fall out boy, and paranore where the first 3 bands I fell in love with.",0,Not Fraud
omar took his phone &amp; left cos i didnt share my food ,0,Fraud
My head hurts. Well fuck.,0,Fraud
@hannahsmoot1 ,0,Not Fraud
@Nadeem4711 :-),0,Not Fraud
@pete_gould @epoteat daytime employees who create daytime density that encourages and supports retail.,0,Not Fraud
allllll of meee hates alllll of chemistry @piperky1,0,Not Fraud
Ano ang huling pinulot mo sa lupa? â Papel http://t.co/jqiORY9V9i,0,Fraud
RT @DellengerAdv: Oh. #LSU RT @LSUbeat: I-10 is closed from Lafayette to New Orleans. I feel for tonight's hoops crowd.,0,Not Fraud
"Whale's record migration across Pacific: A gray whale makes a 22,500 km (14,000 mile) journey across the Pacif... http://t.co/iApT4yQe2Q",0,Not Fraud
RT @IvonneGRamirez: .@smrtgrls #WhatLatinoMeansToMe is having pride in culture and fighting discrimination http://t.co/5LXHfvtBmo,0,Not Fraud
RT @pavithrachandr5: @tellychakkar one and only Vivian &amp; drashti...,0,Not Fraud
@lifeaseva literally me when you upload a new video ,0,Not Fraud
Me right now =.= #icantadulttoday #pleasedontmakemeadulttoday https://t.co/BDMLhjmN9E,0,Not Fraud
RT @tech2eets: Twitter to delete account of deceased members on request http://t.co/xAcaZIkweK http://t.co/qU2jZX5nmx,0,Not Fraud
@jonnytester7 haha mate these pics are amazing. Can't believe I missed it. Keep em coming!,0,Not Fraud
@paulfabretti dm,0,Fraud
@Nashgrier SAN DIEGO MISSES YOU NASH,0,Not Fraud
"@RobPulseNews @PzFeed Sharpened, more contrast. http://t.co/ed6SfXY5YS",0,Not Fraud
@KarnaSakya Yes Totally Agree!,0,Not Fraud
"@b__erserk yeah sure ""the joke"" #winkwink",0,Not Fraud
You wouldn't be happy if Derek stayed in DC and started up with Renee . Patrick doesn't want to do Grey's anymore .,0,Fraud
"RT @witchybitchygal: Dear men and women who crib that men marry for looks or women marry for money, which charitable institution do you thiâ¦",0,Not Fraud
RT @SoloDms_Fav: RT for a Harry + Zayn Solo DM ,0,Not Fraud
OH MYY GODD HAHAHAH,0,Fraud
I almost got socked ! Lmao,0,Fraud
"RT @blxcknicotine: ""Why be sad when you can be happy?""That's the main thing, whenever i tried to be happy everything comes crashing againâ¦",0,Not Fraud
4/4 IS COMPLETE ,0,Not Fraud
"Si maÃ±ana suspendemos es porque somos superdotados y no nos interesa la asignatura. Eso es todo, es la pura verdad.",0,Not Fraud
"RT @USDOL: Irasema: ""It's a myth that it's teenagers doing the (minimum wage) work; it's families, heads of households, and it's a struggleâ¦",0,Fraud
Os traigo noticias frescas... http://t.co/jliEPGsZPm,0,Not Fraud
Tsotsobe to bowl the crucial 18th over. 41 off 3 overs. Hasn't been his evening. And Faf pulls off a miraculous stop at mid off. #savned,0,Not Fraud
"I'm at Holy Cross Lutheran Church (4400 W. Arkansas, Arlington) http://t.co/wtfsWjyV",0,Not Fraud
RT @ReemAlsager: @Alsagermaha if only they knew wat it was that i promised -.-,0,Fraud
RT @ohteenquotes: Maybe part of loving is learning to let go.,0,Not Fraud
"RT @MiriamLines: GANITOKAYOKACLOSENOON, A N Y A R E N G A Y O N ? ?",0,Fraud
Too much going on.,0,Fraud
@looseIeafpaper straight up,0,Not Fraud
Why is there a bike cop on the 4th flood of the lib? ...,0,Not Fraud
RT @conspiracystory: Deep http://t.co/wnM0VdZxdF,0,Fraud
@Rineyshiney  wru?,0,Not Fraud
How can one appreciate Heaven if one does not get there by the skin of their teeth? Good morning,0,Not Fraud
@zombiemaster999 ãããDrawMiteã§ã«ã¼ããã³ã³ããªã¼ãä¸­ã http://t.co/W6g4IAGcFM #DrawMite,0,Not Fraud
It's my last hour of class and I am having to hang around to see if they'll get back from their field trip. ,0,Not Fraud
@Je_Bande j'ai pas de thune jte dis qd j'ai assez,0,Not Fraud
Fucking jet lag,0,Not Fraud
First team to 80 wins,0,Not Fraud
RT @RODNEYOMO: what's coming is better than what's gone,0,Not Fraud
There's Wisdom in the Words of the Wise http://t.co/g1ZXgC4U,0,Not Fraud
@1roxxfoxx http://t.co/wcPjTL7V3s,0,Not Fraud
ä¸ä»ç´°è½çè©±ä»¥çºæ¯ç¾åä¾ç http://t.co/2yp4E8Lw0j,0,Not Fraud
@OTYOfficial ,0,Not Fraud
"@LaurenFerzoco I`ve found a massage therapist who can work w my body I also go to hotsprings 2, 3 times a week, which is great! #spooniechat",0,Not Fraud
@3TomatoesShort Oooh you could install map server on it and send out to the outback to help the remote firefighters with no internet!,0,Not Fraud
@CSNBaggs Is that good or bad?,0,Not Fraud
RT@IbonFoundation: Unchanged poverty incidence and growing number of poor amid rapid growth and CCTs affirm need for radical change,0,Not Fraud
@pluckey is legit watching animal porn on youtube :/,0,Not Fraud
Exactly 1 year ago today! (via @timehop) http://t.co/ypMmtlwuxy http://t.co/O4bfVuYBbj,0,Fraud
"RT @LiteraturaYonki: A un gran corazÃ³n, ninguna ingratitud lo cierra, ninguna indiferencia lo cansa. â LeÃ³n TolstÃ³i",0,Not Fraud
RT @Maro0oshty: @Beauty_195 ,0,Not Fraud
â@sammytooturnt: I really know how to choose em ,0,Not Fraud
Immigration chief faces graft raps http://t.co/nejVKYRt via @inquirerdotnet----this crooked straight path...,0,Fraud
. @eruptionsblog This is the piece we found floating just off Raoul Island ... Exactly one year ago! Now in Auckland Museum #pumice #havre,0,Not Fraud
@lealsteph13 thank you ,0,Not Fraud
"RT @modernletters: Science writers, you're going to have a great time with @RKPriestley &amp; @ashleigh_young in this class: http://t.co/0Bf69Hâ¦",0,Not Fraud
RT @nytimes: Snowden Used Low-Cost Tool to Best N.S.A. http://t.co/oGjq17Be43,0,Not Fraud
"RT @aliviaellen: Looking at all my baby pics makes me so happy to think that not one of them was taken with a phone, all with a camera",0,Not Fraud
@tauhenare more time for fishing now bro!!!,0,Not Fraud
"""Do not go where the path may lead; go instead where there is no path and leave a trail."" - Ralph Waldo Emerson",1,Not Fraud
Late night full volume jam - speakers are shakin! #NIN 'Last' Song is kick ass!,1,Not Fraud
"@davb5 ""Imagination is more important than knowledge."" - Albert Einstein",1,Not Fraud
"Negus be like damn where you been fam I ain't heard from you, I be like I still got the same number..",1,Fraud
@BrianEdwards_3 very cool,1,Not Fraud
"@brianlovemc ""Love is patient, love is kind. It does not envy, it does not boast, it is not proud."" - Corinthians",1,Not Fraud
RT @ardanradio: #Np @DiDevirzha - Aku Lelakimu | #RIAUW with @rasmusARDAN #TOGETHER,1,Not Fraud
"Were Did The Word ""Finna"" or ""Funna"" Come From ?!",1,Not Fraud
"""The only limit to our realization of tomorrow will be our doubts of today."" - Franklin Delano Roosevelt",1,Not Fraud
"If you havent heard the ""Royals/Come Together"" mash-up YOU SHOULD",1,Not Fraud
"""Always and never are two words you should always remember never to use."" - Wendell Johnson.",1,Not Fraud
Didn't ask if u were asking,1,Not Fraud
Just his family and friends.,1,Not Fraud
"""Most of us are just about as happy as we make up our minds to be."" - Abraham Lincoln",1,Not Fraud
"@1JazzyJeff ""High achievement always takes place in the framework of high expectation."" - Charles F. Kettering",1,Not Fraud
@bridgetison NICE PG,1,Not Fraud
"""The true definition of madness is repeating the same action, over and over, hoping for a different result."" - Albert Einstein",1,Not Fraud
"@its_jstylesz ""Good instincts tell you what to do long before your head has figured it out."" - Michael Burke",1,Not Fraud
God is in control of everything. He is able to do anything.,1,Not Fraud
"@AKMusicc ""We may affirm absolutely that nothing great in the world has been accomplished without passion."" - Hegel",1,Not Fraud
I'm about to take this shower so I can K.O. ?,1,Not Fraud
for authentic achievement,1,Not Fraud
"RT @pnud: En #Guatemala proyecto PAJUST devuelve la #paz, despuÃ©s de 15 aÃ±os, a familia de Padre Augusto: http://t.co/3PUFDabIjo",1,Not Fraud
Speaking of weed and horses...Taco Bell... #lol #FallonTonight,1,Not Fraud
"This random new song ""no cashier"" by chief keef might be the absolute worst song I have ever hear in my life, no bullshit",1,Not Fraud
The most oxymoron of names I've came across.,1,Fraud
"""If you'll not settle for anything less than your best, you will be amazed at what you can accomplish in your lives."" - Vince Lombardi",1,Not Fraud
RT @CashmoneyKolb: http://t.co/X8XvVvYH9G,1,Not Fraud
@EdgeOfGreatnes very cool,1,Not Fraud
@jwebstercilpfr following you!,1,Not Fraud
Hari paling best! Tapi rugi sik sempat mok tangga sidak sama geng main futsal :C,1,Not Fraud
@jayvicofficial HELLO,1,Not Fraud
I got a #videogame (#TombRaider),1,Not Fraud
@monicapointblnk you're awesome,1,Not Fraud
Go for someone who is not only proud to have you. but will also risk anything just to keep you.,1,Not Fraud
998~ I don't think I know you lol??,1,Not Fraud
Where ya bitch at???,1,Fraud
@KliffyFlyHigh wow,1,Not Fraud
Whoever is playing their fucking music so damn loud is ANNOYING. Fuckheads.,1,Not Fraud
Where in passage to encounter the prize commendation filing card rates: PVXjip,1,Not Fraud
"Hahahahahahaha omg little girl ghost: if she sees you, she'll make me kill you.",1,Fraud
@quartermass nice...,1,Not Fraud
Take It Easy by the Eagles is most definitely the greatest song of all time,1,Not Fraud
Or hit the strip club or sum!!!! Lol,1,Not Fraud
"My mother uses ""twittered"" as a verb in most sentences. Then she gets mad when I try to correct her saying its tweet. I hate it",1,Not Fraud
@MOMES_BEA_FAN you're awesome,1,Not Fraud
"""Cleverness is not wisdom."" - Euripides",1,Not Fraud
"RT @Ankal_S: Half Nguli Half bigwig â@BSebbo: Half smallwig half Bigwig ""@JossiahOscar1: Half Man Half God.""â",1,Not Fraud
On the other hand HOW IS IT MARCH ALREADY?!!? God I don't wanna go home in two months. :(,1,Not Fraud
"OK, going back to work",1,Not Fraud
@MIKEYVIP nice...,1,Not Fraud
when i cry its dramatic but when you cry its emotional - nicole // hahahhaaha okayy natawa ako dito ????,1,Not Fraud
@Eyoungie_MF cool,1,Not Fraud
Mfs gone hate me lol...,1,Fraud
"@Bigzaymiami ""I figured that if I said it enough, I would convince the world that I really was the greatest."" - Muhammad Ali",1,Fraud
"""He who demands little gets it."" - Ellen Glasgow",1,Not Fraud
@FreeStyle_Stan you need a vip account from #TALNTS,1,Fraud
"In the end, you tired and you scared and sometimes that's enough.",1,Not Fraud
"@_minishakur ""Not everything that is faced can be changed, but nothing can be changed until it is faced."" - James Baldwin",1,Not Fraud
@TBreona ooooookkkkkkkkkkkkk,1,Fraud
"If i worry about other bitches ill be just like them, another worried bitch",1,Not Fraud
"@dustefen ""Live out of your imagination, not your history."" -Stephen Covey",1,Not Fraud
"Chelsea, Arsenal and Liverpool. All to win today #EPL",1,Not Fraud
"@trybton ""Persistent questioning and healthy inquisitiveness are the first requisite for acquiring learning of any kind."" - Gandhi",1,Not Fraud
Haha I love when people like your picture on Instagram and then immediately unlike it...what was the point again?,1,Fraud
"RT @TMCPoldaMetro: 19:18 Bus Damri mogok di KM 31 Tol Cengkareng (arah ke Bandara), lalin tersendat &amp; msh menunggu peminjaman derek besar.",1,Fraud
My iPhone battery is the best,1,Not Fraud
??????????4????? #bot,1,Fraud
@cliffdatruth hey,1,Not Fraud
@_GirlThatsAnt FOLLOW MEEEE,1,Not Fraud
"@mrcoldworld1 ""If opportunity doesn't knock, build a door."" - Milton Berle",1,Not Fraud
I'm getting terrible reception tonight. I got stuff to do internet please cooperate,1,Fraud
P.s Dedicated to all pukhtoon brothers !,1,Not Fraud
i always wondered how corys voice sounded when he wasn't acting or doing an interview? like was it different or what?,1,Not Fraud
im an adult where i live today and justin is becoming one tmrw can we just get married now?,1,Not Fraud
"El PMI chino cae en febrero por tercer mes consecutivo: El ï¿½ndice de gerentes de compras (PMI) en China, indicador de la actividad in...",1,Fraud
x,1,Not Fraud
I swear Tupacs music can always change the way I think .,1,Not Fraud
I don't understand how I'm disrespectful for speaking my mind .. If I have some to say ima say it. That's not disrespectful,1,Not Fraud
@nevatrust_em fun without me??,1,Not Fraud
"Christina schreibt mir, sie musste nicht schwitzen, um neun Kilo abzunehmen. Hat sich vielleicht eine Brust entfernen lassen. #Spam",1,Fraud
i love country music so much:)&lt;3,1,Not Fraud
me: my answer = 23,1,Not Fraud
@MommaJonson NICE,1,Not Fraud
"@chunkymark ""The tragedy of life doesn't lie in not reaching your goal. The tragedy lies in having no goal to reach."" - Benjamin Mays",1,Not Fraud
You can't stop me lol,1,Not Fraud
"thi is all one song btw i am writing a song called ""fuck me in the ass because i can't stop sneezing literally fuck me in the ass""",1,Not Fraud
Hot tub party next door finally plays decent music. But then skips 3 decent songs in a row. #smarmy #fb,1,Fraud
Strange upcomings in russia/ukraine....,1,Fraud
Every script is a song. #LesMiserables,1,Not Fraud
Last night was a bad one. I was drinking and eating biscuits in bed. I'm like a male Bridget Jones.,1,Fraud
RT @3alyoum: Ø±ØµØ¯ ØªØ§Ø±ÙØ®Ù ÙÙâ21â³ Ø¯ÙØ±Ø© Ø®ÙÙØ¬ÙØ©: Ø¨Ø·ÙÙØ© Ø§ÙØ§ÙØ³Ø­Ø§Ø¨Ø§Øª ÙØ§ÙØ³ÙØ§Ø³Ø©http://t.co/SFl9rUPeyl#ÙØ£Ø³_Ø§ÙØ®ÙÙØ¬_Ø§ÙØ¹Ø±Ø¨Ù_22#ÙØ£Ø³_Ø§ÙØ®ÙÙØ¬. http://tâ¦,1,Fraud
@GeekLewis nice...,1,Not Fraud
"@Sarrinya ""Life is a tragedy when seen in close-up, but a comedy in long-shot."" - Charlie Chaplin",1,Not Fraud
"Bwahahaha lil baby please... If I didn't have a Whole husband at home n wanted yo lil petty bf, he'd b mine ?????? Get It Got It Good ??",1,Fraud
20 People Who Became Highly Successful After Age 40 http://t.co/rmDmpAZfAm,1,Not Fraud
@tdotzar Please follow me,1,Not Fraud
"""Respect yourself and others will respect you."" ï¿½ Confucius",1,Not Fraud
If you're gonna lie to me you sure as hell better be sneaky too because bitch I'm not stupid,1,Fraud
"Ill carve it like a necklace, so the heafalls where you chest is",1,Not Fraud
*-*,1,Not Fraud
declarations near Grant Tornton Of cir CO of  Colorado real estate and houses to sale  :-),1,Not Fraud
listening - lady gaga - paparazzi *-* \u266b,1,Not Fraud
Quero ver o www.alternativemusic.com.br no #scrap_MTV,1,Not Fraud
gosta de politicos? \u2014 n http://4ms.me/dy4Slo,1,Not Fraud
"Find Out The Truth About ""The Biggest Network Launch Ever"" And See If It\'s Right For You At This Time...http://bit.ly/12EIUz",1,Not Fraud
HAHA ' Abafana abafana *.*,1,Not Fraud
"@stevens_adam yees , queremos twitcam haha *-*",1,Not Fraud
The best way to get 203 followers faster is using http://cli.gs/tWs0TA .,1,Not Fraud
Latest Forex Chart Auctions:  http://url4.eu/3FwlM,1,Not Fraud
voltei ._. [quebrado ;\\,1,Not Fraud
"Washington firm fined \xa32,000 after factory worker loses finger - http://tinyurl.com/yaxphdr",1,Fraud
\u0e2b\u0e32\u0e40\u0e07\u0e34\u0e19\u0e1c\u0e48\u0e32\u0e19\u0e40\u0e19\u0e47\u0e15 \u0e07\u0e48\u0e32\u0e22 \u0e46 \u0e23\u0e31\u0e1a\u0e23\u0e32\u0e22\u0e44\,1,Fraud
BOOOOMMMBE SEU TWITTER COM #MaisFollowers: http://tinyurl.com/MaissFollowers,1,Not Fraud
Visit NOW- if you'd like to TURBO-BOOST your profits for FREE tomorrow:~~ http://bit.ly/iafdB,1,Not Fraud
On line \xbb\xbb\xbb\xbb\xbb Gudem neles \xbb\xbb\xbb\xbb @_cesaum @leticia_h @Heros_Belli @Edgard_Soares @thais_smp @teliespeck @genizahvirtual @MCSilvaJR,1,Not Fraud
"""oque todos querem...",1,Not Fraud
New blog post: Live \u0e40\u0e1e\u0e25\u0e07 Love Like This - SS501 http://bit.ly/cjObHX,1,Not Fraud
"@textmeapp  Send Free SMS & MMS to your Friends from your computer, Try it here #ad http://spn.tw/tDN6m",1,Not Fraud
Poor Credit Loan \u2013 Instant Cash For Bad Creditors - http://bit.ly/aysVNz,1,Fraud
91 This site is great I got 100 followers in a day using http://www.urlaxe.net/2359 .,1,Not Fraud
Quer um site confi\xe1vel para conseguir followers? #flwtwtet! Clique e saiba pq http://bit.ly/flnw,1,Not Fraud
Me ajuda?  http://meadd.com/lucasziech/26013115,1,Not Fraud
"Government Ups Daily Deepwater Spill Rate To 60,000 Barrels: Every time the government releases new data on the ra... http://bit.ly/9IRN8H",1,Fraud
New blog post: \u0e1f\u0e31\u0e07\u0e40\u0e1e\u0e25\u0e07 Back 2U - 2PM (Back to You) http://bit.ly/9V1smq,1,Fraud
"Yosemite Home Decor 4993-3DB 30-Inch 3-Light Bathroom Vanity, Dark Brown - http://bit.ly/dnv5Kx",1,Not Fraud
<<<Sometimes it is good to take a second look! >>>http://hopurl.com/74870,1,Not Fraud
"Can you make 50k in weeks doing what ever it is you are doing? I'll help you get there, join now for free http://htxt.it/uQWd",1,Not Fraud
"@AJSolis94 Dump the ""Flat Stomach"" Pill Scams & get the TRUTH about losing stomach fat http://bit.ly/aNyAnV",1,Fraud
New tool launched online to help prevent musculoskeletal disorders - http://tinyurl.com/y8d22po,1,Not Fraud
BRASIIIIIIIIIIIIIIIIIIIIL  .,1,Not Fraud
Going to the movies to see international. Well deserved break hooray... LOL,1,Not Fraud
Cuidado com seus Nicks!! http://www.piratasdohumor.net/2009/09/cuidado-com-seus-nicks.html,1,Fraud
\u0e43\u0e04\u0e23\u0e0a\u0e2d\u0e1a\u0e40\u0e25\u0e48\u0e19\u0e40\u0e19\u0e15 \u0e15\u0e49\u0e2d\u0e07\u0e19\u0e35\u0e48\u0e40\u0e25\u0e22 \u0e17\u0e33\u0e23\u,1,Fraud
"#bigfollow ExtraVIP, mto barato mesmo http://migre.me/xaa7",1,Not Fraud
"AAAA MARVADA PINGA , QUE ME ATRAPALHA \u266b",1,Fraud
Chasing Profits in JP Morgan: By: Scott RedlerThe banks have been lagging this market for months as the dark cloud\u2026 http://bit.ly/8X8M42,1,Not Fraud
Twitterers... I've had great results with this... http://retweet4.me/r/retweet,1,Not Fraud
eai!\n (@ThomasMaciel live on http://twitcam.com/1uliw),1,Not Fraud
#C18H21NO3,1,Not Fraud
The Right MLM Business: Numis Network | numisnetworkmarketers.com ... http://bit.ly/cxhnfO,1,Not Fraud
regnsolregnsolregnsol... N\xe4r ska man tajma hemg\xe5ngen? http://xurl.jp/djx,1,Not Fraud
Every tool you need to make 1000's fast http://htxt.it/hqru,1,Not Fraud
rt @wesneuman1: People worth following #FF @abundanceinfo @DrWayneWDyer @michaelbloxton @TomZiglar,1,Fraud
O que te faz perder o sono? \u2014 tantas coisas http://4ms.me/93J5fv,1,Fraud
@freerpg ULTRA Speeds w/Charter flying at 60MB to change the way you play online! FAST! #ad http://spn.tw/tE7J4,1,Not Fraud
EU VEEJO CADA COISA RIDICULA NESSE MUNDO KKKKKK >http://twitcam.com/xshc,1,Fraud
0 #nowplaying Decode,1,Not Fraud
has just fought with @TOKIYA and won in #MobsterWorld http://bit.ly/dIiig,1,Fraud
The Perfect Pitch Competition Deadline Extended: http://bit.ly/3VrPiG,1,Not Fraud
"Real Testimonials, not actors and great tasting product  http://bit.ly/HTA6P",1,Not Fraud
@ShawnUOMeTen Worsted wool garments are warm and cool equally--wearable nearly year-round. #ad http://spn.tw/tHicG,1,Not Fraud
AST/003 - NSD BMS Assessment Reports - http://tinyurl.com/yemqndp,1,Not Fraud
Circuito Mundial chega a Europa http://goo.gl/fb/fnw3o,1,Not Fraud
http://www.flogvip.net/awesome asdas,1,Not Fraud
Indico @batuck,1,Not Fraud
"By giving something remarkable to a niche, the idea can still be appealing to wide audience http://ow.ly/igFb via @EconomyHeroes rt @jlojlo",1,Not Fraud
Tim\xe3o e\xf4 Tim\xe3o e\xf4 Tim\xe3o e\xf4 Tim\xe3o e\xf4 Tim\xe3o e\xf4 Tim\xe3o e\xf4 Tim\xe3o e\xf4 Tim\xe3o e\xf4 Tim\xe3o e\xf4 Tim\xe3o e\xf4 Tim\xe3o e,1,Not Fraud
Viral Tweets: Introduction to Viral Video Marketing on Facebook http://bit.ly/b7l9Ru,1,Not Fraud
Is it time to buy a new game for your xbox 360 or playstation 3? http://is.gd/90rA5,1,Not Fraud
\u201cDon't wait until everything is just right,1,Not Fraud
http://www.flogvip.net/awesome 54as56d4sa56,1,Not Fraud
My Vancouver Internet Marketers Meetup Presentation http://bit.ly/c9dmnC [Plz RT],1,Not Fraud
Individual glory is insignificant when compared to achieving victory as a team. Dot Richardson,1,Not Fraud
"Please check out my CV in http://ow.ly/1uod2  It might be you need a recruitment specialist or HR Assistant, thanks",1,Not Fraud
Q:Voc\xea acredita que o mundo ainda tem sal... A:Que o mundo ainda tem salva\xe7\xe3o eu duvi... http://formspring.me/ammynascimento/q/160617078,1,Not Fraud
PLAKINHA EM GIF *---*  http://meadd.com/rickardo_henrick/20791551,1,Not Fraud
@OhaiTy 420!!!!!!! Hey Check out my site www.pickyourpipe.com use coupon code save10 for 10% off if you like anything!,1,Not Fraud
T\xf4 saindo...Flw,1,Not Fraud
oi to doida.,1,Not Fraud
people grow through experience if they meet life honestly and courageously this is how character is built #cek123 xl berkali-kali,1,Not Fraud
jogando gartic,1,Not Fraud
Por que os homens acham que as mulheres tem a obriga\xe7\xe3o de servi-los ?--' http://4ms.me/bIvEKg,1,Not Fraud
can't help but raise the question of petulant dance,1,Not Fraud
@fernandaamello eu num sei! mas tenho um conhecido qe disse qe eh! :T,1,Not Fraud
"@theblockfan  Tell your friends that this October, Cardinal Fitness is as low as $10/month! Check it out! #ad http://spn.tw/tDHuC",1,Not Fraud
Paranormal Activity: Is it that scary??,1,Not Fraud
i need some more friends :( http://ow.ly/nm8b,1,Fraud
Just made two homemade apple pies and homemade brownies... Betty Crocker better watch her back ;) http://xurl.jp/jqu,1,Not Fraud
@ALEXTHEELLES Tudo \xf3timo.dond vc eh?,1,Not Fraud
harta menjamin dunia. iman menjaminkan akhirat #cek123 mobile banking,1,Fraud
Offline Marketing Report \u2013 How To Get Instant-Paying $500 Clients: Check this out! http://bit.ly/dqimPc,1,Not Fraud
It has been determined that no servers in the data center have been damaged. All our sites are hosted at the Plant and they are working with,1,Not Fraud
"""Springtime Decoration Ideas For Your Prized Open Outdoor Space"" From http://tinyurl.com/ygv9t3o",1,Not Fraud
Parab\xe9ns S\xe3o Jos\xe9. T\xe1 velhinho hein!,1,Not Fraud
I feel ill today & I've realised that this thing is so much easier than blogging. :) http://xurl.jp/mm3a,1,Not Fraud
@edeer_carvalho tinha gente ? O.O,1,Not Fraud
76 I use http://x2t.com/6145 to get 100 followers a day. It work great,1,Not Fraud
Admitting weakness seems to be such a severe psychic threat for Bush that when he makes a mistake it's safer just to reinforce it.,1,Not Fraud
"New post, ""NO EASY ANSWERS IN THE AGE OF EASY MONEY"" - http://bit.ly/9TlRcn",1,Not Fraud
#GermanyLovesBieber !!!!,1,Not Fraud
\u25ba\u25ba\u25ba QR AUMENTAR SEUS SEGUIDORES ? SIGA O @Rocali E TWITTA ESSA FRASE Q ELE TE INDICA AGORA PARA + DE 9600 SEGUIDORES.,1,Not Fraud
COMENTA NA FOTO ANTERIOR http://bit.ly/6frNV,1,Not Fraud
Trump official launch today! More info here! : http://bit.ly/CVFvT,1,Fraud
Boa Tarde!,1,Not Fraud
\u0e1b\u0e23\u0e30\u0e01\u0e31\u0e19\u0e20\u0e31\u0e22\u0e23\u0e16\u0e22\u0e19\u0e15\u0e4c \u0e1b\u0e23\u0e30\u0e01\u0e31\u0e19 3+ http://www.paoprakard.com/mai,1,Fraud
Following u!! \n~~~http://myhomebusiness.site50.net/,1,Not Fraud
"@Alinelimas olha vc n\xe3o quer manda pq? pq n\xe3o tenho foto ainda? mas vou loka, ha se mandar agente pode se conhecer melhor...",1,Fraud
"setiap malam sebelum tidur,anda perlu menetapkan satu doa permintaan & menguatkannya dari hari ke hari #cek123 mobile banking",1,Fraud
David Guetta - When Love Takes Over \u266b #nowplaying,1,Not Fraud
