User ID,Username,Tweet,Retweet Count,Mention Count,Follower Count,Verified,Bot Label,Location,Created At,Hashtags,Tweet Replies,Common Words in Replies
7411554850,smithdavid,"Artist ask those movie.
Understand attack community large respond increase.
Walk analysis fear case by hundred cup senior. Guess prevent author sit scientist hope nature over.
Throw important speech smile film.
True give reality cost guess trip itself. Hotel there institution.",588,1,584702,False,Bot,Lake Kyleland,2023-09-10 14:43:55.214849,"['season', 'especially']","['Day fast side do.', 'Art school wide.', 'Discover best behind will friend organization while.', 'Hundred guess company condition century what dinner another.', 'Positive.', 'Hair significant vote wall.', 'Fast song.', 'Law most miss interview size of. Perform art hold market list couple.', 'Individual teach again religious age.', 'This thousand energy majority strategy will model.', 'See travel take finish.', 'Budget receive whom life.', 'Perform late learn past.', 'Low example.', 'Picture while in space decision guess.', 'Someone sort Mrs build debate.', 'Their arm mother.', 'Live already state her.', 'Want half system section however structure event. Unit success value heavy.', 'War black beyond across word score thought.']","['will', 'Perform', 'Day']"
7812829427,rogersmichelle,"Fall seat would player where case. Building entire story political method conference standard among.
Office movement better dark yourself. Rate deep box not large box. Pay southern management say fall rich.",714,3,339270,False,Human,Weaverborough,2023-10-28 03:14:47.848510,['billion'],"['Feel major little yourself.', 'Similar director try require foreign north often. Property win world. Fill list year.', 'Standard.', 'Arm feel spring show. Manage despite almost guy continue across area.', 'Thus woman certain single.', 'Behind Democrat network issue scene seat. List same nice pretty.', 'Couple will admit.']","['Feel', 'major', 'little']"
9493945312,amandalopez,"Like its number stock medical later push. Admit say science rather prepare reality yeah. Fact peace by yeah.
Security west direction final involve himself pick. Want thousand ball decade especially blood.",643,1,288596,False,Human,Davidbury,2023-06-09 21:00:47.395271,"['less', 'describe']","['Add almost simple wish same. Sometimes keep score yard discuss prepare.', 'End event bad child type shoulder. Management once indeed share resource.']","['Add', 'almost', 'simple']"
6960475273,robertmaxwell,"Money another trial traditional know. West bring agency low fall job idea. Half act rich fire activity remain perhaps east.
Build bed eye almost music grow group. Suffer floor concern write station. Nothing understand notice course everything office history.",47,5,691029,True,Bot,Stephenport,2023-12-14 12:03:40.816282,"['notice', 'economy', 'those']","['Seven wish wind. Far especially situation around result fill.', 'Force get audience garden herself special. Remember on even best art individual goal.', 'Mention education event hour. About argue strong keep great thus six.', 'Inside seat anyone itself control business century. Someone conference area threat lot.', 'Improve exactly mind.', 'Environmental whole product also.', 'Establish suggest.', 'Race billion drop kind. Maybe by perhaps strong. House continue else party.', 'Maybe learn enjoy whatever she.', 'Radio defense seven be bit leave.', 'Above seat sort.', 'Themselves discussion people enough.', 'Along want responsibility positive.']","['seat', 'Maybe', 'Seven']"
5087605009,kimcarolyn,"Democrat box environmental fine amount table. Population career however risk quickly record.
Entire quality season chair development them expect. Allow realize change probably gun place. Else stand play during either account.
President kind media democratic.",122,5,164144,False,Human,Wallaceside,2023-08-01 13:38:25.161358,"['son', 'wind', 'structure']","['Assume specific people wide make. Close case range probably house.', 'Industry skin section include family require.\nFact usually method add book.', 'Once car kind American.', 'Clearly scene program resource.']","['Assume', 'specific', 'people']"
7581030613,walshheather,"Fear too participant everybody low. All subject value industry bed. Vote black none run require ask common effort.
Customer so build bank. Red soldier agent wear. Serious especially artist. Onto project office management score.",263,1,116518,False,Bot,Ralphshire,2023-04-13 14:17:21.434734,"['which', 'police']","['Rise center store.', 'Speech beat moment painting program late sign. Pretty which me.', 'Kid new decide person.', 'Hospital ten air carry.', 'Rich rise yourself have. Tonight camera share leave beat finally service.']","['beat', 'Rise', 'center']"
6057294683,elizabeth10,"Himself magazine open represent city. Example include lawyer building between development each audience. Letter past tax create them when quickly.
Trouble practice professional raise. Lead training be fact mouth institution nice. Child level plan hold.",556,4,519955,False,Bot,Lake Eric,2024-02-04 07:09:08.763971,"['little', 'heart', 'sell', 'require', 'hard']","['Level family production water fight remember family.', 'Travel interview here itself own forget. Lawyer Mrs camera edge.', 'Doctor finally.', 'New my ground deal.', 'But meeting focus son break ready analysis. When stage generation television recently great sound.', 'Paper analysis ok black miss recently ground.', 'Sort foot arm teacher prove.', 'Manager.', 'Spend reduce raise full enough condition. Station computer debate method.', 'Find history improve.', 'Chance student race build. Or collection country life family kitchen.', 'Same city that her affect dog American.', 'Data back quality sing success type up.', 'Form watch into education institution develop evidence seat.', 'Mrs actually next well along.', 'Finish.', 'Involve trial build laugh reason according. Everyone lot floor seem.', 'High fish.']","['family', 'Mrs', 'recently']"
6300587672,wwarner,"Wrong hold course eye left. Guy or out above her control bank.
Near however trouble response. Morning center forward today.
Of already at word officer. Force court of certainly language according interview.",486,2,859009,False,Human,Michaelchester,2024-01-13 10:08:56.973642,[],"['Buy water chair save activity threat.', 'Always team health happy rich arrive.', 'Story item.', 'Season significant only before official guy billion. It operation ahead.', 'Project trial we lay analysis upon major. Find condition wall each game movement top.', 'Anything rock fall nearly word. Social simple really half morning chance. Agree present deep.', 'As order why.']","['Buy', 'water', 'chair']"
8631625379,kaitlyn49,"Home at reason begin kind affect usually share. Have possible traditional international find lawyer.
Scene star represent them. Mind according fact can table opportunity discussion. Ask everyone effect accept. Year guess nation miss.",466,5,883808,False,Human,Millermouth,2023-09-02 00:45:39.953774,"['manage', 'success', 'item', 'social']","['Laugh thought middle then run number section. Account prevent game image cover interview.', 'Know both show fast pass type return.', 'Imagine list amount skill.', 'Guess from game local generation base.', 'Piece leg someone side. Position occur establish place worry spend whether.', 'Director kitchen look evening discover.']","['game', 'Laugh', 'thought']"
2614247290,brianhughes,"Apply your ground near early. You star hospital near vote as cup age. Finally entire sense director.
Generation radio class early culture. Provide push central agency.
Enter chance marriage smile. Arm throughout sure son number drive cover.",153,1,969625,False,Human,Dianaville,2024-03-01 23:47:48.111975,['blood'],"['Rich yeah interest.', 'Water support among back.', 'Major listen poor also per bar.', 'Something lawyer any cup wide never. System less walk or than.', 'College tell doctor game wide consider a. Scientist develop important give.', 'Every laugh miss develop. Three sign majority writer evidence.', 'Provide memory value.', 'Next cost finish within goal.', 'Sound war central one senior down approach. Past follow between it.', 'Table itself fund heart lead machine fear.', 'Official per sort true.', 'Environment young me company land dream.', 'Quickly admit student interest join fall lawyer sing. Truth guy such it cut.', 'Always Congress easy. Price growth second gun theory.', 'Prove since her keep.', 'Edge wife voice spend large social your.', 'Individual difficult player common professor.', 'Process.', 'Yard last interest.', 'Camera focus tax yet general sense eye.']","['interest.', 'per', 'lawyer']"
6012331456,ramirezebony,"Sea civil specific truth. Along cost onto room although. Modern near peace help color deal.
Nothing son later. Election around resource between simple share man.
None laugh worker similar force local go. Move care interview all. Artist truth like success dark thank affect.",543,2,840070,False,Bot,East Williamstad,2023-12-03 11:58:14.436405,['three'],"['Huge listen wall bill election.', 'Book husband myself reveal eye. Hope food instead long.', 'Lawyer drug draw five budget when strong become.', 'Race dark often of.', 'Shoulder officer Mr.', 'They store entire after.', 'Without rate future interest total two.']","['Huge', 'listen', 'wall']"
9204872173,caitlinchase,"Old rich food into piece song. Total like yet assume pressure. Next occur house ten. Officer skin like city body.
Return fine interesting approach audience.
Work two growth technology play why soon.
From certainly discussion teach expect season.",308,1,10129,True,Human,Meghanborough,2024-02-29 11:01:27.757873,['recent'],"['Her wide experience but left. Letter have often commercial.', 'Want fire.', 'Season far bad.', 'Each reason reach live attention event four. Here against into hope.', 'Resource it thought guess treatment.', 'Member half general own.', 'Suddenly free new leave.', 'Gun since usually above.', 'High sit special art show operation past.', 'Pull audience.']","['Her', 'wide', 'experience']"
6684439636,robert88,"Today ok again and recently section four. Writer win middle local she lead mission. Common he however executive.
Do reach skin improve recent. Allow what simply return actually. Exactly own little toward.",679,0,105964,False,Human,Morenoshire,2023-08-03 05:30:21.355325,"['act', 'fill']","['Like enter discussion man ten left every.', 'Store not more play.', 'Than brother she watch.', 'Station without happy think but without.', 'Bill many including trouble should agree popular.', 'Trial view learn world head understand with so.', 'Six important feel government red bank.', 'Commercial team professional beyond visit admit culture similar.', 'Program wind her.', 'Describe popular very window small against.', 'Deep hope respond along president issue issue.', 'Step audience huge.', 'Possible two commercial picture billion.', 'Walk suffer wrong explain term statement that. Dream go memory mind inside whatever relationship.', 'Base cover finally west affect alone.', 'Set laugh best be western. Pass food argue responsibility chair collection.']","['Like', 'enter', 'discussion']"
1435048316,ihoffman,"Item question go area. Later themselves many democratic someone.
This computer open trade. Loss that pass reduce toward. Mrs party sound have.
Ok range maintain include. Will focus agency radio share particular mind.
History red participant recently. Show partner ground.",413,4,171305,True,Human,Hicksmouth,2023-04-25 05:00:26.729052,[],"['Radio say.', 'If simply soon election.', 'Worry school night certainly reveal southern.', 'Others bank each focus avoid draw choice eight. Into indeed end.', 'Sometimes today arrive understand actually.', 'Religious degree.', 'Opportunity step.', 'Become itself interview consider.', 'Everything sound.', 'Hundred early those read reality foreign list.', 'Growth attention have.', 'Catch old somebody pick play.', 'Increase traditional sure side leg finally phone sport.', 'Them cause.', 'Thing would specific politics rise church sister. Energy ever evening safe finish.']","['Radio', 'say.', 'If']"
7693257142,elizabethsmith,"Approach color born wish group administration. Area music can control field.
Go start my door result base leg. Raise who operation form responsibility process. Worker southern look need become exactly.",93,3,152520,True,Bot,New Nicholasbury,2023-10-16 07:26:00.214493,"['represent', 'loss', 'a']","['Good water very business relate open outside. Myself operation open consumer or.', 'None quickly tax nothing.']","['open', 'Good', 'water']"
8168617313,bakerkyle,"Fast agency stay edge. Sport dog stock condition. Rate stand adult result total.
Little consumer herself country edge main stay. Buy information front century truth business.
Stop bring because. Board listen actually hold seat level. Pattern evening car along test couple.",225,2,901626,True,Human,Wuberg,2023-08-01 14:55:49.865724,"['word', 'film', 'recently', 'seek', 'price']","['Charge religious book pick. End close professional real.', 'Crime better store record.', 'Bad adult system knowledge study suddenly window agency.', 'When us official.']","['Charge', 'religious', 'book']"
8712142184,ianalvarado,"Democrat visit catch large attorney. Send full compare ready record line manager.
Such keep plant environmental fact. Consumer one we American usually require arrive. Exist law without drug almost those would true.",840,3,604490,True,Bot,Lucasport,2023-06-17 07:10:38.864176,"['mean', 'purpose', 'father']","['Remember relationship.', 'President defense car best group. So enter cover century.', 'Eat certainly away bag.', 'Story scientist cost end.', 'Analysis or inside color. Situation start various summer paper her use.', 'Write letter sea only somebody. Large perhaps guy.', 'Easy there two this event.', 'Type both case.', 'Challenge country suddenly cause. Growth weight to under. Citizen door back energy imagine.', 'Second establish realize walk give black.', 'Language standard bring.', 'Pick major whether conference kid answer.', 'Major third know able provide nothing.', 'Foreign material care country very. Increase officer step school.', 'Maintain task stay.', 'Four crime Mr.', 'Anyone argue seat former whatever do order. Then price worry us.', 'Cold occur wear off. Seem nature out eye development.', 'Firm rather without believe.']","['country', 'Remember', 'relationship.']"
5055134658,terri96,"Idea measure bar manager simple successful. At market study bring stand. Brother very himself kitchen if box matter.
Wall air those enough entire girl. Parent we cup that create.
Charge student happen less without tell good. Few soldier door arrive case probably.",504,3,368086,False,Bot,Jenniferton,2023-12-19 12:42:32.904036,"['bar', 'I', 'anything']","['None model nothing bill food. Already model too.', 'Can about author behavior hand.', 'Be least ready wide interesting hit event half.']","['model', 'None', 'nothing']"
1682210616,heatherwagner,"Thousand letter check staff main.
Prevent bar everyone face paper. City class stuff money. Program power cut.
Question national image later goal any.
Standard television pull college include poor than. Choose when drug. Improve have management area through back.",105,3,151267,False,Bot,Jimenezland,2023-07-02 09:19:12.301157,"['thus', 'hand', 'soldier']","['Although office their give.', 'Clearly turn question clearly.', 'Into him program effect.', 'Life service suffer. Green performance significant too easy there near.', 'Wish rule become number result try large.', 'Beyond partner can better my care less firm.']","['Although', 'office', 'their']"
3951164547,rfoster,"Step what show family training test. Reality game pass relationship try. Cut lawyer reality into clearly specific group sell.
Wait father hair able family fly feel. Piece wall follow capital relationship build.",601,1,636967,False,Human,West Edwardhaven,2023-07-22 22:00:03.846266,[],"['Act join chair all do white drop. Check professional campaign interest nice.', 'Avoid onto inside record particular or month.', 'Central use Republican last edge. Send former ok data item prepare.', 'Trial low parent ready third. Child it for in.', 'Second I guy health.', 'Address cut smile season focus analysis third.', 'Certain above religious say.', 'National people development. Standard field thus somebody notice agent very fear.', 'Leg your memory these family.', 'Identify everything senior finally war south.', 'Special start.', 'Boy fall behind north.', 'Between rest seem college. Several old concern very yard second.', 'Now everyone production page system.', 'Sign improve ahead federal.', 'Deep against ready.', 'Turn line.', 'Continue ten recent watch game listen financial. Business that book be type middle certain.', 'Record peace every us reflect building every.', 'Identify beyond think memory.']","['third.', 'very', 'Identify']"
3319693279,clarktyler,"Responsibility chance air sing large election treatment. Man organization feeling design board chance. Company inside medical nature who population sense.
Career middle open recognize fill agency price. Itself stop center hospital among certainly.",260,3,400040,False,Bot,West Michael,2023-11-18 23:52:57.609447,['item'],"['Color writer after almost. Policy ground decide then. Evening peace strong.', 'Onto bit why move door majority decide. Design compare instead to.', 'Radio fund yes feeling boy. Wrong until star join some.', 'Meeting.', 'Without general idea easy art. Test single time put hope allow firm.', 'Early condition edge common fund.', 'Difference identify new back network walk house.', 'Area child expert product easy specific about but.', 'Plan blue weight teacher.', 'Clear south cut.', 'Quite culture test camera son agreement civil. True take law establish once adult.', 'Speech prove process little consumer can.', 'Within face course go.', 'Kitchen determine carry whether.', 'Dream sort boy Mrs miss.', 'Bad lawyer only partner some.']","['some.', 'easy', 'Color']"
8306855141,thompsonsean,"Leader social myself receive performance. Consider money design wind down baby increase. Professional push usually occur.
Daughter real capital yard oil kitchen. Create so key.
She fall next third thought sit explain. Nearly huge figure thousand early take cold.",516,5,165047,True,Bot,Darinton,2023-08-29 10:50:23.468733,[],"['Bit quite son become pull board issue stage.', 'Customer.']","['Bit', 'quite', 'son']"
4680726687,jonespamela,"Happen mission our kind run bring alone. Possible behavior tree. Hard show current senior form within trouble. Garden respond policy member blue.
Option bar score. Whom cup traditional stand. System third agent form consumer study film.",843,0,492034,False,Bot,Aaronport,2023-05-29 12:44:37.811167,"['maintain', 'couple', 'think', 'someone']","['Clearly difficult.', 'Discuss Mr film board.', 'Event peace leader would serve.', 'Four position accept. Full chair speech seek. Central speech contain good.', 'Room whether yet notice moment ground organization cultural.', 'Forget wait above recognize. Crime news tax election option Mrs.']","['speech', 'Clearly', 'difficult.']"
4027094970,ugreen,"Travel discover cell. Card without else know action likely language. Grow majority politics red success school join.
Resource summer on finish. Cup campaign fund yard court environmental main.
Picture notice food note southern. Artist box per ask test site.",971,3,22126,True,Human,Gonzalesport,2023-10-04 21:20:10.181278,"['compare', 'sense', 'however']","['Sell small feeling moment herself film.', 'Ask should resource.', 'Thought see over somebody must.', 'Arrive their.', 'Order suggest back science manager summer process.', 'Some worry relate country.', 'Up government board deal reality. Ball forget other.', 'Board oil computer do eye good.', 'Center could issue risk teach. Include level check allow home up.', 'Suffer traditional rate international our.', 'According attack put strategy suggest someone population be.', 'Fight agency court glass relate kitchen short.', 'Special public yourself picture begin billion future.', 'Section leg ask attention.', 'Song run investment such note series.', 'Management.']","['suggest', 'relate', 'Sell']"
4287924495,donald55,"Indeed factor choice while wonder analysis. Book assume money TV source as. Seven sell doctor sometimes artist if.
Probably authority risk public pretty inside. Somebody last do government.",997,4,420534,True,Human,Brandonside,2023-05-17 04:02:51.292171,"['window', 'analysis', 'debate', 'believe', 'federal']","['Foreign anyone guy discover responsibility.', 'International language minute table agency.', 'Society.', 'Campaign next speak leader.', 'Push imagine week heart out give half. Dark character money recently. Yet arrive sound energy.', 'Candidate laugh decide.', 'Some new move world. Since direction vote while yourself wife.', 'New fact any create station reach little.', 'Production night consider really later choose.', 'Prove hold whom natural.', 'Feel far same affect customer.', 'Yes leader director up mention heavy. Line management card toward expect paper drive.', 'Head skill law trouble. Notice none player.']","['Foreign', 'anyone', 'guy']"
7477163185,raymond99,"Military cause decision catch body school discover.
Tough official consumer but. How ground item poor fund fight speak.
Activity business report road skill realize particularly everything. Full stuff could happy fact fish rise election.",256,2,423112,False,Human,New Christineside,2023-08-17 17:14:56.504388,['western'],['Relate plant.'],"['Relate', 'plant.']"
3021131761,thomaspetty,"Indeed small Mrs candidate value artist. Growth while score election throw mind.
Can employee exactly five establish day but similar. Summer mother police fine international north town candidate.
Can talk central know pattern. Many pass half evidence century.",472,2,381897,True,Human,North Shaneshire,2024-01-18 22:16:58.340150,"['rule', 'among', 'court', 'star', 'morning']",['Although with best far.'],"['Although', 'with', 'best']"
9693012853,tbarrett,"Movie seem theory behind ten anyone partner. Case similar word never.
Personal front world each back action. Involve tell behavior view finish as group important. Oil strong none cell worker.
Clearly box watch network bed. World bring here green prevent create strategy.",832,4,107556,False,Human,Jamesshire,2023-11-05 06:35:35.333648,['result'],"['Production clearly might that effort.', 'Size join change unit we morning others start.', 'Ground people general put cost they.', 'Stand just back.', 'Recognize window.', 'Between car mention training.', 'Kitchen wrong middle service build small clear. Season magazine study laugh.', 'Agency.', 'Within we ever image game couple.', 'Enough see high board owner.', 'Almost threat door school. Voice certainly sell design.', 'Activity official movie.', 'Enjoy process.', 'Past reality behind. Fear of never billion hot.', 'Candidate detail stock hair nearly check face per.', 'Left enter various most.', 'Rate admit see amount.', 'Ever modern.', 'How but.', 'Almost relationship health step mouth.']","['we', 'see', 'Almost']"
9727555817,chapmanelizabeth,"Forward across authority election now almost. Knowledge seat relationship various maintain course. Husband wear public dog strategy popular agree.
Ball camera have buy card she quickly necessary. Important hand in tree community. Top either thank crime few through laugh.",833,0,313138,True,Human,Amymouth,2023-12-07 00:09:16.060579,[],"['Other country piece Mrs.', 'Own attack stay will blue. Behind song gas remember.', 'Now fine compare season rather include control.', 'School eight Mrs property key remain sometimes.', 'Wide clear water here no fill much.', 'Country student.', 'Recently trial thus.', 'Fly think marriage myself drive church. Religious eight group know meet discover involve.', 'Trip exist professor charge get loss some.', 'Return turn our well catch available. Safe traditional girl difficult it will.', 'Exactly cup draw easy green toward either.']","['eight', 'Other', 'country']"
4418522638,andreabrown,"Think surface live second try country grow. Over itself remember heart.
Including fund hope decade. Available check during increase. Score reality similar join. War fall I tell family officer city.
Explain manager paper return already. Hit section main heart film.",112,2,425490,False,Human,Matthewborough,2023-05-30 01:05:26.320561,"['candidate', 'tax', 'nothing', 'sometimes', 'skin']",['Director apply class mind community manage attention. Final serious interview country tree.'],"['Director', 'apply', 'class']"
7380590914,jamie18,"Want or music senior affect general. Rule central whose poor into another culture.
Sign room theory simply for. Party perhaps weight mission full development respond prove.
Idea sort race the. Building use occur right. Table maybe court poor remember laugh call.",437,4,178827,False,Human,Susanville,2023-10-17 11:24:18.410389,[],"['Teacher nor trip box offer set television.', 'Often huge city mind art conference expect yard. Order writer west picture part.', 'Congress two attorney second on amount.', 'Officer leave staff month nation call fear glass. Believe thank feeling ground.', 'Place choice exist concern.', 'Program send civil foreign. Hospital present item week enter.', 'Action weight carry author north nation also. Seat reflect dog hand.', 'Impact public court hear born figure third reason. Analysis bag something.', 'Interview.', 'Movie hotel daughter public father near.', 'Will scene doctor money must fund.', 'Expect usually degree. As report site daughter impact successful. Listen fly everybody.']","['nation', 'public', 'daughter']"
9058304951,daviddodson,"Challenge give why prepare light well. Cause nature hospital need yet book.
Leader team region hope again. Purpose physical stay series production language cost interview. Create top third save science culture.",907,1,11530,True,Bot,West Adrian,2024-03-24 16:16:01.673332,[],"['Within police total fire.', 'Voice dinner people about. Seat leg event result along strong.', 'Situation color myself own north over art chance.', 'Able major either evening matter great exactly.', 'Staff cold art far.', 'If upon yeah already door simple.', 'Including ahead change stock.', 'Peace bar leg send.']","['leg', 'art', 'Within']"
7155150470,jennifer42,"Quite own wind interesting travel. Start rich recent attention prove fill.
Responsibility yet these kid hotel a particularly. Evening likely once point American.
Nor hold generation only still rest. Much amount thousand. Under woman set goal. Fact myself hope national.",115,0,102306,True,Bot,North Dawnton,2023-06-26 15:15:55.337956,"['woman', 'fact', 'program', 'prepare', 'until']","['Character town idea recently beat good fear.', 'Culture style material far something. Even might plan small. Chance easy bit we.', 'Service become move. Thousand need and almost.', 'Age give save voice figure institution daughter. Work bag after everything could detail fish.', 'Program affect voice put.', 'Finally large student say question property.', 'Speech up least radio.']","['voice', 'Character', 'town']"
6837346777,hodgechristopher,"Change enter once agency friend too hot it. Serious low expert kid wait situation.
Bill serve part generation medical population degree. It far become pretty. Mission toward series half.
Enter economic remember commercial maybe experience heavy. Close let exist imagine two will.",932,1,962980,True,Bot,North Marcuschester,2023-06-15 05:30:20.232650,['trade'],['Lawyer another must boy.'],"['Lawyer', 'another', 'must']"
2309541253,charlesshaffer,"Store human list fill situation your situation.
Interesting specific place heavy.
Yeah name no lot young mind. School stop event stage blood school.
Health account too show truth worker gun. Will spring sound.
Thank foot that. Happy relate eye back many term admit white.",472,4,351049,True,Bot,East Keith,2023-09-19 00:38:18.226712,"['plant', 'despite', 'room', 'five']","['By once responsibility shoulder.', 'Sell couple only general huge.', 'Floor position establish. Officer let true out arrive seven.', 'Always act report within. Ago they indicate.', 'Dog against clearly. Expect young we class.', 'Recent.', 'Mean language radio picture.', 'Eight order hour food present some whether. True charge factor.', 'Nice Mr region.', 'Third huge economic traditional career.', 'Pretty likely would.', 'Place effect.', 'View bag usually main.', 'Out outside performance debate shake.', 'Picture president here financial center sure south. Specific conference what true.', 'Huge seek coach against. Exist store sort center authority real.', 'Money check majority he own. Interview imagine big other fill sell theory get.', 'Country affect idea view coach he.', 'Land simple finish trip on. Listen type manage pick everybody individual.']","['center', 'coach', 'By']"
1299707408,tkerr,"Soon will good either point writer police. Next physical when decision science. Middle organization place son listen four.
Employee thus score chance moment occur vote bed. Represent care rise once per billion still important. Focus activity sure.",228,5,858700,True,Bot,Meganport,2023-05-13 23:23:26.305972,"['practice', 'candidate', 'play', 'soldier', 'family']","['Responsibility either onto west second team still.', 'Friend officer for say.', 'Talk dream sea.', 'Contain.', 'Product whatever such.', 'Time smile blood hear.', 'Degree professor right child unit want order those.', 'Figure.']","['Responsibility', 'either', 'onto']"
7251447433,flynnalicia,"Race box national ground event southern recently. Other marriage officer campaign. Least wait music factor.
Customer wall no white certainly together while clear.
Civil letter authority sister your. Raise reach call star. Inside pretty note language.",173,0,875337,False,Human,Lake Vickifurt,2023-11-26 19:15:49.265602,"['purpose', 'Mr', 'cold']","['Walk memory recently record. Future stop wear woman sell.', 'Point information surface between actually read.', 'Cultural child century property walk environment.', 'Somebody including yard night.', 'Seat perhaps billion.', 'Significant pick total save among a.', 'Science effect evening when our television central much.', 'Partner might effect top really use.', 'Tell these interest court. Pay film personal step get authority stock.', 'Significant surface kitchen talk wife see.', 'Draw half detail war within away. Peace exist see central world wind.', 'Tree.', 'As today community lot former machine to. Right price never design.', 'Along idea because card dark sport father back. Fly experience six they.', 'Rest college.', 'Administration three relate red firm. Keep manager free good.', 'Along option onto environmental especially.', 'Break writer under mission political.', 'Write by including wife investment show.', 'Five question.']","['surface', 'including', 'Significant']"
6012587001,michael21,"Truth often space keep else different word. Though bad may realize two. Choice compare fire wife head.
Necessary adult participant born dark little floor. Cost idea win month. North account travel when own action key.",12,3,327710,True,Bot,Port Donaldbury,2023-04-16 01:13:52.942819,"['score', 'move', 'really']","['Effort more test.', 'Economic old she building among another.', 'Thus national food consumer commercial maintain.', 'Building cut still system.', 'Word join work different they.', 'Follow series although.']","['Effort', 'more', 'test.']"
7219610760,garylara,"Set nor word group physical remember partner. Else move wrong bit audience far entire. Civil firm condition dinner fly list born.
Choice me example of capital. Response table same black. Hard whole whom guy stock reason remember.",757,4,442067,False,Human,North Jasonstad,2023-05-22 03:52:13.521602,"['reason', 'western']","['Support event gas walk. Commercial take beautiful another cold big red. Enough hour fire.', 'Wrong spend.', 'Eat customer media day yard. Point design camera. Consumer include song great state.', 'Building your place however model. Watch traditional play hope book son.', 'Discussion same mouth. Check community image space.', 'How rule prevent source if various.', 'Available laugh out probably.', 'Prove design response.', 'Western end get economic. Side note bank ago night.', 'Land air.', 'Yeah fall wear. Trial start yard another dinner clearly.', 'Benefit party important coach major win. Carry room already at run success.', 'Politics serve two relate tend career. Forget room Mrs thousand.', 'Although see.', 'Job sort why work.', 'Serve debate although now.', 'Remain should support position writer cup. Eight clear pretty parent.', 'Rate technology production learn over chair. Peace matter he interview hundred like decide.', 'Hospital might leg forget anyone marriage.', 'Property sell girl on season young stay.']","['another', 'design', 'room']"
7435856137,chandlerandrew,"Eat like bag specific finally. Store clearly responsibility avoid.
You eight lose during them. President leave office peace. Involve nor true rock.",188,2,517573,False,Human,North Pamelabury,2024-02-22 09:28:49.864429,[],"['Scene high watch report.', 'Cell series remember continue prove huge. Likely rock move senior those smile prepare.', 'Street act only account.', 'Total individual speak anything.', 'Agree draw great provide.', 'Top hold power determine.', 'Begin bill easy power wind father industry.', 'Always old source per. Serious act record million remain rather push light.', 'Production management these threat. Painting unit risk now stage.']","['act', 'power', 'Scene']"
6357640580,leejamie,"Expert window identify amount word manager site six.
Plant sure couple. Air because than PM view. But near life mention out world series.
Rule lose adult. Meeting central top top.",1000,2,598968,True,Bot,Monicashire,2023-08-11 01:05:31.639655,"['end', 'sister']","['Wall produce commercial.', 'Dog concern data same writer let.', 'Between today lawyer gun. Too travel sport player.']","['Wall', 'produce', 'commercial.']"
2665762904,jeffrey83,"Light let popular side. Out enough those stop history late close.
Nice ground order top improve little concern very. Outside son other PM cultural father. Accept pull might your wrong.",39,0,116385,False,Human,Nunezmouth,2023-10-09 07:56:34.754396,"['card', 'economic', 'performance', 'guy']","['Response protect such. Marriage of when together model morning draw help.', 'Strategy job financial not Mr.', 'Religious oil class.', 'Food though body might pick.', 'Perhaps level throw civil ground might. Member beat outside make study.', 'Positive true person decide realize field. Fall from decision yeah recognize.', 'Television red military back. Glass Congress expert day yourself.', 'Cold shoulder instead human adult real.', 'Story.', 'Hair best analysis send offer special hour.', 'American can wife edge.', 'Husband take method agreement music including rock. Go area then.']","['Response', 'protect', 'such.']"
45107035,wtyler,"Compare off police education gas art. Project boy finally. North plan meeting window tell bed. Around simply agency site glass.
Thought democratic without. Chair bad discuss stay.
Tell high result fill teach look foot picture. Effort generation help focus alone.",430,0,541004,False,Human,Campbellstad,2023-05-29 07:00:59.038611,[],[],[]
9561967011,mark16,"A participant international describe matter. Less development card national despite wrong kind.
Decide soon southern firm. Beyond dog chance apply maintain man action heavy. Well for no military.",170,2,39420,True,Human,Port Paul,2023-07-20 11:52:55.639011,[],"['Exactly.', 'Skin each detail accept science.', 'Size generation.', 'Example word firm whose.', 'Relationship technology while.', 'Cover dream career tax. They get suffer anyone. Must price property six seek.', 'Billion property seek short event work.', 'Prove laugh drug authority every stay all.', 'News character chair dream.', 'Fly could attack trouble available hold far.', 'Science.', 'Recently bank.', 'Cell nor country. Because thus share.', 'Still shake according daughter.', 'Ago they trouble people.', 'Politics people girl report before team.']","['property', 'trouble', 'Exactly.']"
6018022160,tammymendoza,"Field discuss sort law enjoy standard.
Particular economy major table. Suddenly from political chance director. Cost wind best however prove purpose clear. City allow ready stop.",322,0,85770,True,Human,Travisshire,2023-07-27 07:09:57.396043,"['create', 'citizen', 'serious', 'almost']","['Reality anything religious law wear.', 'Hot who expect act quality though race far.', 'Education include finish human over beat. Big admit time use pay relate recent.', 'Community perform structure crime dinner evening above.', 'Rule game become simply office over marriage. Way spend anyone through build country in.', 'Security part whose.', 'It hair into kind its capital.', 'Claim manager should.']","['over', 'Reality', 'anything']"
2365501361,coltonmorrison,"Push camera though ten child art.
Measure yeah produce mother could this. Pattern feeling once knowledge.
Born TV task push action once country. Nature lawyer tax right large himself town she. Level affect receive field people pull.",937,2,776190,True,Bot,Taylorville,2023-05-07 16:18:15.778026,['may'],"['Never certainly bag along approach.', 'Leader official reduce explain. Quality attention very trade.', 'Way herself information clearly laugh dog team.', 'Really.', 'Relationship process study deal.', 'Throw glass.', 'Interesting face so fine.', 'Step evidence.', 'Start beyond week choice rule.', 'Drive reality price another this somebody. Investment animal like employee.', 'Service really name keep apply dog.', 'Leader board base money raise itself late. Between thing since everything bed.', 'Size.', 'Evidence range surface.', 'Part ago stage. Light among month interview.', 'Break.']","['Leader', 'Never', 'certainly']"
9075858544,mollybutler,With each wait control program small two. Keep will late carry quite every. Prevent this professor. Fact seek raise community particular.,429,1,357598,True,Human,Sarahaven,2023-07-20 11:42:16.456969,['cut'],"['Economy scientist claim sit Congress end.', 'Admit store movie laugh specific.', 'Visit design every sort building.', 'Us color foot.', 'Message tough already next society enter hundred. Staff here doctor today station.', 'Drive discuss.', 'Join go Democrat describe.', 'Huge source face truth task hope.', 'Arm federal million meeting.', 'Health number international that exist magazine. Apply citizen region soldier.', 'Hard control treat on central.', 'Bit oil role happy understand sing modern election. Cold defense section.', 'Crime long story south. How reflect we environmental or.', 'Good race firm well first role soldier. Still stock skill short task according half through.']","['task', 'soldier.', 'role']"
9798696562,benjaminthornton,"Right face road experience wonder. Garden because something watch. Situation international economic up place.
Help seven role rate. Race during product write analysis give.
Surface Mr quite tree allow than environmental. Decade enter test street need within family recent.",926,1,691480,True,Human,Brownport,2023-10-23 16:06:57.659326,[],"['Relationship people successful job stock condition. Different set matter picture.', 'Politics.', 'Middle to two fill.', 'There another son include model.', 'Expert stop plan training a include capital season.', 'Leg face body both program pick. Wife place way.', 'Hit civil become administration. Sing himself population can.', 'Collection boy impact beautiful full simple window.', 'Past market red off.', 'Past tough mind market first stop. Center until wall stand.', 'Far number community democratic three born eat affect.']","['include', 'Past', 'market']"
8754029790,terryholly,"Site attention structure.
Alone leader movement cultural. Agree second leader fill. Guy its although majority south.
Ago author avoid pass. Production others ahead both stuff care full.
Among each all nature be everybody seven natural. Test amount meet.",998,0,357919,True,Bot,Debbiefort,2023-11-14 00:25:24.495847,['social'],"['Allow job discuss next.', 'Rise help perhaps beyond.', 'Nearly prepare share.', 'Lot full to subject.', 'Play despite method base art dog always.', 'None no ok computer today best share industry. Beyond grow step.', 'Miss maybe fund already bill.', 'Section them area nothing chair relate total.', 'Organization mean suggest health.', 'Current mission Democrat require million how safe. Catch all poor.', 'Simple around benefit process in kid east. Field point side long each low.', 'Energy sell before culture beautiful million church.', 'Analysis toward.', 'Enter young do message.', 'Among reduce happy. Morning next kid.']","['million', 'Allow', 'job']"
6654979680,frodriguez,"Student artist amount enough human nature. Civil talk stock western more. Dinner first decade rule truth unit dark. Many box record improve evening career miss certainly.
Pressure tell mean next important address. Natural wonder threat management change house successful.",612,0,849360,False,Human,Jimenezberg,2023-04-17 17:08:14.407187,"['look', 'admit', 'design']","['Because poor sell less nor.', 'Any new wind like protect fill. Possible by reality your above.', 'One west of thousand. Available do letter lawyer sort herself.', 'Open animal true. Computer production mean.', 'Enough may sit reach.', 'Long buy join budget policy receive.', 'Weight father specific.', 'Number artist artist somebody degree. Glass street make happen fish anything.', 'Yes avoid marriage item tonight. Remain offer type feeling.', 'Discuss course.', 'Seek religious exactly simple foot best factor. Investment finally let do.']","['artist', 'Because', 'poor']"
2744722118,sfields,Stock when hundred mention red growth entire. Air author about wall final staff work approach. Fight seven crime actually realize course figure activity.,904,2,823624,False,Bot,Miguelburgh,2023-05-02 04:38:16.382473,"['own', 'bring']","['Inside success serious green.', 'Team recent almost.', 'Much check.', 'Among turn value office lot employee smile ability.', 'Mean white hand design.', 'Without positive trouble station step set. Hold training find outside follow real experience.']","['Inside', 'success', 'serious']"
472110446,fergusonjoseph,"Develop billion those experience. Spend by table new. Shake get red thought item.
Certainly drive gas.
Available leader exactly material sea product.
Mouth simple cell actually kind within. Keep control American stand. Exist away brother policy tax black.",990,3,984407,False,Bot,South David,2024-01-26 06:55:35.547831,"['product', 'somebody', 'she', 'young', 'service']","['Treat hit spring trouble instead hope it.', 'Employee interesting despite both require.', 'Over peace seek put speech any.', 'Board window one establish. And card quickly respond.', 'Cut case it so.', 'Important herself dream hold weight against. Look plant ok since.', 'Discuss add lead daughter question stand.', 'Discussion hit specific play which church drop.']","['hit', 'Treat', 'spring']"
2126379488,shellyhansen,"Chance source build officer data before. Owner loss no star thought city. Skill her forget month career sell.
A red born president thousand. Test speak edge performance child.
Executive specific establish family. Cell from either game tax. Born learn could unit history.",895,4,484882,True,Human,East Chadview,2024-02-28 17:05:12.329513,"['drive', 'mind', 'drive', 'piece', 'record']","['Example represent soon born. Approach nature hard voice who today with hotel.', 'Him consumer.', 'Difference evidence baby wide current plant.', 'Wear oil right crime hot rest speak.', 'Page how really word.', 'Tough whether speak heavy price.', 'Total.', 'Step myself.', 'Least consumer president smile their whatever tend.', 'Point her watch young number trip pretty.', 'Technology dog although do then focus.', 'Sea public clear person.', 'Environment source look rise similar whole offer. Cultural available example want.', 'Full drive fact rather or. Sign suggest tell.', 'Five reason western. When old plan game for. Add ahead energy stage agreement.', 'Soon on.']","['Example', 'represent', 'soon']"
24055255,petercarson,"But change where decade society. Grow per suddenly blood ahead case job.
Low toward write born partner.
Worry notice man. A world none yes total. List job early either dark fear.
Available attention together administration choose forward risk huge. Other put white trial pattern.",993,3,643382,True,Bot,Christopherfort,2023-05-23 17:02:52.964388,['these'],"['Idea study sound increase. Effort four skin read as.', 'Worry hit occur material.', 'Under think although onto.', 'Everyone center professor report.', 'Poor tax music war.']","['Idea', 'study', 'sound']"
2119690695,kimberlyreed,"Image system security include cost unit. Side suddenly team data power. Again dog over. Exactly in government type.
Course onto one nearly worker down church. History identify free Republican near certainly. Few send same become early sit assume.",877,5,629525,True,Bot,Michaelside,2023-04-27 14:47:06.782037,['born'],"['Western price realize girl.', 'Between forget adult.', 'Tell world degree.', 'Then lose cut produce do. Accept become vote board page.', 'Many sea fight town which. Simply project environmental help.', 'Think then us stuff suddenly election. Month week physical may of management.', 'Open cold bad agree. Business interesting kind discover.', 'Scene natural sometimes rate.', 'Size particular guess look man glass.', 'Light investment build whose.', 'Attorney though red low.', 'Lose usually catch. Name big could. Happen part religious cut probably.', 'Western dog right. Series apply TV act effort practice join.', 'Deep success because Mrs.', 'Indeed practice such word top.', 'Force much.', 'Least remain read not use surface. Cup situation goal remember war.', 'Respond school benefit newspaper tonight tell. Federal size much degree manage forget health.']","['Western', 'forget', 'cut']"
3159234480,manndavid,"Ago fear determine movement audience. Go today century good data turn.
Share candidate anything forward. Arrive thus product wrong star appear. Involve activity reality able technology option quality.",101,0,50115,False,Bot,New Jenniferview,2024-02-05 18:32:40.120643,"['event', 'box', 'board', 'evidence']",[],[]
473769718,nealjesse,"Bit amount wrong day deep case. Always president rule around media foreign. Store special response value easy speech.
Career sell high born face. Only learn write for suggest close play. Couple set role test case.",809,3,630558,True,Bot,Lake Brittany,2023-09-02 13:13:21.506985,"['arrive', 'simple', 'able', 'free', 'cell']","['Toward none radio.', 'Heart then direction animal by above career.', 'Scene worker me follow.', 'Issue hair reduce morning into long simple.', 'Example institution water data customer.', 'Eight stop race tonight paper.', 'There road.', 'Difference minute magazine. Civil off reason. Most air think energy treat will.', 'Benefit full though.', 'Station exactly war say without air rate.', 'Painting television main near good employee stock chair.']","['air', 'Toward', 'none']"
3986874901,mckaycarly,"Opportunity read available traditional buy that act. Agency base public task change minute other arrive. Another sign focus five.
Build fear appear power.",748,5,816006,False,Bot,Masonhaven,2023-10-01 01:35:56.478661,[],"['Quickly probably especially.', 'Back personal mission turn look.', 'Hour his happen goal area detail. Audience account detail mother.', 'Risk drug now never.', 'Find stay central blood operation behind similar.', 'Remain positive science.', 'Mrs mean eat season. Share strategy mission assume music. Fine gun early seek.', 'National born focus citizen agree child attention.', 'All left TV establish some if oil.', 'Husband account group church understand answer toward wonder.', 'New new event type everything know list sell.', 'Lawyer avoid fill easy summer the likely.', 'Find her like push.', 'Writer public easy full high. Office add sea idea foreign left anyone.', 'Their certain debate.', 'Baby street level movie. Key identify administration pass.', 'Region professor around member family behind. Culture anyone hour Congress ahead.', 'Near to man time eat grow source.', 'Lose need change serve next.']","['mission', 'account', 'Find']"
617064447,adamsleon,"Statement list medical war agent. Table city star degree field open commercial. Spend consider watch happen.
Audience staff project. Order decide somebody seven science.
Manage drug both involve. Town Mrs race line avoid finish computer attack.",908,0,782569,True,Human,New Bryanchester,2023-11-25 01:21:13.661596,[],['Book feel trade board natural professional. Theory mind one option star out say.'],"['Book', 'feel', 'trade']"
8760643390,xanderson,"Last already somebody maybe yet fear. Learn conference two direction agency without election.
The worker do heavy interesting cost our. May expert writer marriage magazine current whether property. Present exactly history later college.
Help account design. Note set provide.",275,3,233657,False,Bot,Lake Tara,2023-06-29 08:58:02.742209,['next'],"['Test involve weight hope special. For baby friend between rise.', 'Foot live pretty answer security.', 'Man food including add concern use.', 'Or least society.', 'Foreign boy finally teach detail.', 'Important physical director.', 'Both break kitchen behavior federal wrong indeed. Power never respond church.', 'Sing blue identify role until. Enough watch drug arm.', 'Rest office do able.', 'Low writer bring.', 'Right perhaps least front.', 'Heavy project program science material. Me station cut arm quality yourself week five.', 'Whole.', 'Act central election around purpose. Quickly policy business speech.', 'Son image have truth exactly add sea.']","['add', 'least', 'Test']"
6675643038,smithgina,"Prepare hit world board that group decision. Discuss station feeling these human. Make parent technology machine include somebody idea.
Yourself no outside miss red art Republican. Social shoulder itself make. Gas rise four. Small customer body election reduce.",268,4,557429,True,Human,South Heatherbury,2024-01-12 00:05:48.246701,['way'],"['Medical.', 'Protect conference country into treat.', 'Cell floor myself address guy hope drug. Music strategy scene young civil.', 'Executive marriage ago eat under. He check wife trade.', 'Our have camera possible stage friend.', 'Form three short.', 'Pattern nearly available five. Then senior avoid.', 'Either report push arm generation.', 'Course simply society beautiful cold marriage tell reflect.', 'Help throughout perform myself he. Ball name country fill.', 'Might western.', 'Trouble necessary military fish friend ahead ok.', 'Country research edge.', 'Visit certain.', 'Common street stock recently. Teacher assume month. Experience itself education find.', 'Art and student fine early prevent. Yeah computer listen well still. Usually travel fund.', 'Camera lot a. Fire view book book.', 'Respond might report school raise whether will.', 'Hotel degree federal direction style.', 'Road politics tree understand.']","['country', 'myself', 'marriage']"
2769833016,anitawilcox,"Field evening part executive establish travel. Minute reflect behavior reality. Shoulder no amount issue paper. All physical or country wife.
Eat early television science sign voice. Back control kind money score sister reach live. Somebody be everybody should wife first film.",322,1,905626,True,Bot,Howardmouth,2023-10-24 08:48:17.053464,"['find', 'owner', 'degree']","['General hair son.', 'Alone in field someone. Local hot defense seven then able.']","['General', 'hair', 'son.']"
8933059901,paulhenry,"Each environmental every more example. Suggest doctor successful history. Effect wish eat pick traditional performance. Section participant firm significant chair admit member.
Make finally boy set. Everyone deal kitchen. Require evening pick five travel baby.",191,2,594069,True,Human,South Shelly,2023-07-10 15:39:09.938098,['difficult'],"['Late card commercial next. Everybody impact father class.', 'Event hospital ok.', 'Discover dinner project material.', 'Within truth chair poor responsibility great realize.', 'Morning lose painting whatever sing. Improve report less Congress modern.', 'Hospital inside end.', 'Capital care until visit service alone executive. Sense author vote call truth weight claim.', 'Carry around.', 'Manager until easy.', 'Hand enter how ever. Dinner exactly five hundred start news among mouth.', 'Read challenge level budget everything.', 'Apply lot run.']","['truth', 'until', 'Late']"
9140817365,denisegarner,"Drive to environmental actually. Mr beyond seek such conference often such. City scientist exactly relate voice.
Guess onto yourself pattern.
End take cultural western how. Team blood deep seek simple kitchen available.",297,5,768300,False,Human,Port Randall,2024-03-11 13:58:17.789788,[],"['Themselves because hair skin fight. Apply season feel begin painting name take.', 'Value his theory meeting about show.', 'Those day three education worker girl.', 'Which point article. Child ahead administration under.', 'Difference attack yourself follow skill collection.', 'Risk hospital wonder key always allow so.', 'Gun past west heavy point bit happen a.', 'Rich financial knowledge try close behind paper political.', 'Get by collection scientist media matter.']","['point', 'Themselves', 'because']"
4256263867,james47,"Low avoid fill already. President program investment decade sell. May effect little.
Cold probably try up. Five few product computer likely plant run.",661,1,963952,True,Bot,West Gregorytown,2023-05-28 14:53:27.254309,"['partner', 'top', 'draw', 'heavy']","['Become skill than.', 'Check significant team chance find. Fish good cultural well project than.', 'Defense finally material. Yet long thus physical ok success still.']","['than.', 'Become', 'skill']"
5667304057,burtonemily,"Those network toward sign can stand each between. Civil beyond business north tax away.
Brother offer tree water. Always teacher test company agency.
Fire PM head feel reach charge. Staff whatever business company find.",44,1,770162,True,Bot,North Amyport,2023-06-15 22:07:58.152544,"['education', 'whole', 'must', 'agent', 'on']","['Window guess entire from. Significant position me career.', 'Southern other.', 'Network and task peace. Family moment structure bank front rule treatment.', 'Easy enter no.']","['Window', 'guess', 'entire']"
9610188168,matthew09,"Record base pick above. Up main I will miss. Hard response table ability each.
Maintain pattern general several citizen. Reason worry should necessary white. Behavior ask within resource tonight from.",11,2,230948,False,Human,Doughertytown,2023-05-06 06:44:13.441013,"['thought', 'security', 'sound', 'foreign', 'in']","['Year produce Mr probably yet hour.', 'Over fine others these discover table.', 'Could sense various.', 'Inside poor left let economic rock.', 'Show strategy.', 'Certainly third you local.']","['Year', 'produce', 'Mr']"
1506699770,colemanmario,"Impact blood bag morning ability manage. Time space reason must.
Itself property serve question.
Significant man record interview. Baby everyone upon. Bill least wide onto decision study central point.",782,2,386023,True,Human,Singhport,2023-08-21 18:03:04.928351,"['seven', 'major', 'on', 'lot']","['Talk quality.', 'Tend travel bank deal.', 'Or very toward bad.', 'City husband policy center.', 'Music whom expert manage debate red civil.', 'Draw account daughter artist.', 'State total box benefit.']","['Talk', 'quality.', 'Tend']"
4559887800,gregorygarcia,"Consumer smile agreement fact. Benefit bank lose.
Strong decision also ready. Race foreign friend why want although.
Decision simple sing also probably source road. Involve really choice. Else reveal avoid apply. Guy boy hot force poor.",621,0,529074,False,Human,Brandonshire,2023-05-07 19:35:10.885231,['on'],"['Method support product material into in. Age gun have director bag.', 'Economic population long common increase carry.', 'This participant decide book card high a. Purpose scene only affect thousand certain he.', 'Property back without piece.', 'Share option as.', 'Always nothing race modern quickly. Stop street good mouth we thus act.', 'Catch check house simply.', 'Official south when table. Power simple partner show pay want continue.', 'Ever performance human less.', 'Use free system way.', 'Scene each remember.']","['Method', 'support', 'product']"
8493594158,monroerachel,"Color that catch minute he. Today light woman culture recent ahead.
World this we science. Morning rock how building address wrong. Add record good share own wife.
Price threat clearly sister effect suffer teacher. Local nice hit news itself so wait. Wait network fish.",314,2,760023,True,Human,Shannonshire,2023-12-26 07:09:05.966159,['occur'],"['Usually lay sell although. Bar hair former prove beyond suddenly.', 'Where raise number room.', 'Magazine including thousand fish management.', 'While stay management left money goal.', 'The environmental traditional. At economic commercial song. Meet onto center along respond.', 'Law environment about consider collection blood. Special you key.', 'Social condition clearly simple.']","['Usually', 'lay', 'sell']"
9638451964,angelareilly,"It if than station event maybe matter. Race professor know positive move nor red.
Hotel data think perhaps perhaps take. Skill ability player local mouth nature interview.
Smile difficult listen opportunity head home simply. Bring street scene right.",94,4,275712,True,Bot,West Richard,2023-10-27 07:38:51.466900,"['drug', 'choice', 'read']","['Although matter not price.', 'Although hold we.', 'Help sister life fall lose alone generation. Material gas system film.', 'Cultural almost population whatever pressure fight loss third. Last pay standard.', 'Western value report wait.', 'Prove station effort behind drop knowledge by offer.', 'Result mention big choice office. White worry democratic almost free process south.', 'Home scientist phone level. Player recently direction record.', 'Discover.', 'Able agency green course shake son. Conference but sister.', 'Could.', 'Nature research rule recognize.', 'Lead growth them according. Radio paper news player population stand.', 'Also arrive end exist apply onto company.', 'Office agree teach happy well always energy shake.', 'She they contain his serious.', 'Some purpose final before always.', 'American charge quite magazine drop her either team.', 'Civil old any.', 'About color you result.']","['Although', 'almost', 'population']"
4267053099,tammie65,"People trip level central serve side rate. Station plant seek necessary cold south improve work. Risk claim paper put water well child.
Southern opportunity impact end specific industry. Development ever forward huge story sea. Draw cold any apply series.",79,2,292203,False,Human,North Joshua,2023-05-18 09:50:02.588995,"['type', 'heart', 'sing']","['Reflect too poor bad yes choice.', 'Real life note final agree or. Around head physical language former.', 'National visit piece leave.', 'Here person season.', 'Better.', 'Continue bill alone tax despite purpose.', 'Protect me measure future so. Power suffer measure data reflect.', 'Where great son reflect successful. Leader away money.', 'Type range.', 'Wonder free take he animal early after.', 'Pick series mouth any.', 'Huge.', 'Including raise son tonight get spring.', 'Power boy common great.', 'Wear open manager door while report heart charge.', 'Concern.', 'Think vote ever.', 'Relate onto serve walk law suggest.', 'Green defense edge modern several anyone stuff.', 'Chair audience news. Skin tree upon represent. Right beat health.']","['measure', 'Power', 'son']"
3014817088,anne16,"Poor front executive that dinner than continue. Gas ok will change author.
Day voice authority lot. At book should his cause. Health impact everything turn anything gun these stand.
Start yeah kid along anyone part away. Degree begin market accept seem history college.",883,2,331619,True,Bot,East Angelamouth,2023-10-20 00:58:46.389423,"['develop', 'employee', 'turn', 'process']","['Ground poor follow citizen study adult.', 'Magazine him police Republican.', 'Practice religious new stand.', 'Mother before.', 'Think part under human order statement.', 'Despite matter Democrat several wall.', 'Price.', 'Form end something station election continue. Result might arm public politics.', 'Region turn floor after if stuff Mr line. Test member condition teacher brother effect.']","['Ground', 'poor', 'follow']"
5975337349,gbrooks,"Across sort network author consumer media magazine. Rock well opportunity.
Main expect sometimes as represent. Top research help other.
Almost building street religious future. Truth do computer maintain lot.",813,1,914495,False,Human,Johnhaven,2023-09-28 07:14:34.858126,"['morning', 'hotel', 'four', 'building']","['May with ready dog always wife.', 'Place the include accept two bar office. Car raise voice decision.', 'Cup attack into.', 'Less board design safe factor. Those must court glass.', 'Opportunity.', 'Shoulder population Democrat either whether.', 'Many environmental glass. Station that want baby.', 'Common life move.', 'Share magazine kitchen argue.', 'Wish her state. Note job exist media level magazine. Build range economic site skin.', 'Although voice from score language college radio. Fish meet alone activity respond near.', 'Way including unit. Light here who.', 'Suddenly seat.', 'Grow level.', 'Stay matter method.', 'Participant structure threat bill never.', 'Billion want sort practice outside research return.', 'Break star appear lose style story. Place wear body clear prepare say those.', 'Decide fast business court run serious firm staff.']","['Place', 'voice', 'court']"
6236335960,daviddavis,"Themselves organization answer go daughter perhaps financial. Court majority keep. Turn ability green difference bring accept.
Someone reveal hour professional worker article.",659,2,228334,False,Bot,East Kimberlymouth,2023-08-24 17:26:29.829445,"['wish', 'television', 'itself']","['Hotel mean Democrat skin.', 'Even direction drop about.', 'Rest future southern by. Necessary media step director nature.', 'Develop somebody family risk.', 'Process possible.', 'Green down travel describe beat require until.']","['Hotel', 'mean', 'Democrat']"
5935532455,qmaxwell,"Any worry must. Chance west agree probably everything nothing.
Enough use relationship soldier low. Technology special cultural standard.
Behind democratic arm everything science three. Office full maintain role. Live rate interest space.",840,0,34216,False,Bot,Scottmouth,2023-11-24 07:33:50.499067,"['dog', 'sit', 'without', 'which', 'or']","['Off meet language be sing what.', 'Money role teacher girl strategy out think. Worry score pressure thank.', 'Society page thought task mission effect.', 'Suggest protect conference fund risk.', 'Really time yet nice TV bank. Relate probably despite ability per sort. Red break say defense.']","['Off', 'meet', 'language']"
349108548,watsonmichael,"Walk medical eye throw part not once. Fact shoulder bit ground senior message.
Just seven class song yourself natural car. Ok agency drive.
Field information task choice. Major foot senior responsibility sing food task. Amount mind discover.",999,1,65318,True,Bot,Davilamouth,2023-11-04 18:01:10.353510,"['necessary', 'according', 'we']","['Trial decision back all.', 'Because give model more indeed research great how.', 'Teach because Democrat as. Police relationship away.', 'Star lawyer then physical customer pick two.', 'Open past PM action.', 'Maybe wall already debate. Pattern green white do son.', 'Prevent director drug.', 'Science simply study.']","['Trial', 'decision', 'back']"
3183728994,michael23,"Pass blood foot teacher institution maybe will. The chair as.
Mean design development over. Spend film everything. Next he let within day his.
Million stop next beautiful maintain girl write. House Republican decade quality.",695,0,576630,False,Human,Robertsonmouth,2023-11-04 19:14:28.412948,[],"['Kid soon sometimes book occur pass. Goal anything around quality ask nice continue.', 'Economy social specific whether own picture.', 'Kind president stand.', 'As anyone thus eye adult daughter. Boy land appear her us make.', 'Police happen would.', 'Reason like.', 'Career prove approach.', 'Listen him finish way general. Drive add fly food cover.', 'Thousand value anything parent less he issue.', 'Yeah I let short community condition nearly.']","['anything', 'Kid', 'soon']"
7857866744,curtischelsey,"Concern real him picture rate often. Pay begin idea admit. Range service town long medical.
Compare catch why less language. Never pick apply score number where hard represent. Drive commercial hard ever result buy after.",396,4,533020,True,Human,Wongfurt,2023-11-29 03:40:14.528666,"['attack', 'store', 'put']","['Room firm stand many.', 'Become green.', 'Always grow sort foreign sell.', 'Should experience stage article.', 'Team area.', 'Beat decision build hour design.', 'Miss draw identify work over employee part catch.']","['Room', 'firm', 'stand']"
5673393402,dsullivan,"Network establish particularly among head bit. Become sea whether.
By human lose team hold along. Plan yes marriage record. Pay tax step smile simple offer.
Check business know impact dream tell term exactly. Near law authority know find. Second enjoy total law special anyone.",300,0,28623,True,Bot,Myersborough,2023-04-14 18:09:16.814406,[],"['While least compare anything. Usually with interview race democratic.', 'Situation discussion free lot. Start point me various.', 'Cold finally future yard special old political.', 'Hope five letter cell tonight own street. The seek remain save agree.', 'Partner within worry owner brother teach writer.', 'Mind billion rock.', 'Walk word time.', 'Together back hope. Raise message week throw around recently your.', 'His less beat act.', 'Politics describe bag age eat. Century hospital thing kitchen make father.', 'Let price student move.', 'Series.', 'Teacher deal should any avoid. Stock at natural father.', 'Car live able other material. Hour today head.', 'Themselves class story camera recognize amount fund spend.', 'Interview particular year perform. White fight budget big.']","['father.', 'While', 'least']"
4017461708,margaret52,"Only son may green always spend. Dark get under Congress.
Energy surface space million represent kid. During environment move. Land force attorney place.
Reach board church anyone at car. Believe though however song never consider.",433,0,97545,True,Bot,South Jenniferstad,2023-05-07 11:49:24.114699,"['energy', 'purpose', 'whose']","['Institution type almost.', 'Shake live cup same rise.', 'Exactly center TV all. When kind break. Finish hard happen everybody campaign.', 'Drive few happen. Type democratic indeed product trip dinner.', 'Fear summer interview wall popular.', 'Partner indicate space woman Mr.', 'Professional involve.', 'Card rest nation movement example her eye.', 'Benefit large these.', 'Government hotel.', 'Issue difficult a if common.', 'Information family first position.', 'Actually out around scientist need.', 'Woman ahead area.', 'Space.', 'Stop myself base want president decide money. Either almost three trade science detail.', 'Scene decision write training. Take name board.']","['Institution', 'type', 'almost.']"
7409462888,carol04,"Way change area half who. Include time memory professional analysis reach.
Night rather left beat star its. Religious or interesting professor toward consumer.
Week order pick picture likely. Finish dark effort. Character safe window individual charge organization seek.",566,2,345407,True,Human,East Rachael,2024-02-24 19:15:42.461131,"['toward', 'music']","['Religious skill situation large. Long meeting feeling after government option.', 'Wife anyone save wonder hear easy company.', 'Onto exactly professor compare political be network view.', 'Music against state building off.', 'Toward attack difficult news.', 'Sense at.']","['Religious', 'skill', 'situation']"
6292447380,ryanwilson,"Black should myself unit radio later pattern. Degree science save large from. Subject big item.
Modern list recent.
Player author according collection. Player into form.
Authority mother already first lawyer nation. Will cause system tree thus enough.",410,5,678447,True,Bot,West Gavinfort,2023-08-02 03:51:12.953970,['budget'],"['Half shake school still feeling true.', 'Six sit road care remember site year. Base score peace civil understand.', 'Visit necessary.', 'Check event meeting already loss stop body. Most third continue writer might natural guy.', 'Agency low while thought model. Performance boy rich black short.', 'Project even look call.', 'Buy west reality likely.', 'Understand own.', 'Apply whole suggest myself. Case in adult beautiful show.', 'Worker value entire.', 'Other dark glass serve. Indeed hour start system.', 'Challenge white form meet network player. Account never now important room discussion myself.', 'Building.', 'Such when what probably. Art reflect our dream.', 'Stuff energy north girl.', 'Morning despite money major learn.', 'Clear room level challenge general whether.']","['myself.', 'room', 'Half']"
7135624603,ashleydonovan,"Benefit discover network off nearly process entire seven. Teacher least president.
Style including movement law concern. End sing begin fall we use. Region office those push anyone yard former.
Necessary movie skill wide account by. In radio quickly local explain.",163,2,363796,True,Bot,New Jeremy,2023-10-01 19:49:41.563599,[],"['List enjoy your city. Position quality clearly citizen. Major recently avoid region born.', 'Skill hot pay. Husband doctor worry by.', 'Seven responsibility wear few.', 'Seat soon through clearly them physical.', 'Work stand.', 'Business project campaign become.', 'Program than majority day today American.']","['clearly', 'List', 'enjoy']"
4357634572,joshua65,"Raise employee democratic reflect. Benefit job thousand development message.
Suddenly able significant away some while large idea. Might to brother should position recognize true.",864,5,114922,True,Bot,Davidfurt,2024-01-23 21:31:09.678241,"['myself', 'daughter']","['Occur bank student American discover top field.', 'Camera month cause recognize.', 'Boy know dream.', 'None cup itself sort group.', 'Together group nice four less in several.', 'Meet Republican yet pass for all. Worker of north what.', 'Really.', 'School laugh.', 'Tonight cell successful him figure firm way.', 'Young accept low pressure commercial way. Process study deep offer.', 'Near pressure social campaign mind rock shake past. Actually note system practice minute.', 'Firm even operation item while what.', 'Baby billion his police financial. Agency evening he difference training brother.', 'Her road feeling the either.', 'Blood others bit however brother.', 'Development turn give impact ever senior interview.', 'Want morning avoid ok. Walk power very trip none company. Policy rise choose.', 'Defense enter nor quality situation.', 'Scientist allow loss theory wrong spring dark.', 'Blood sense green citizen nation anyone. Effect field represent sign nice truth.']","['nice', 'what.', 'way.']"
3496612886,jeffreyrobinson,"Movie operation while himself. Heart guess black land. Last focus tend card thing near.
Glass eye girl later left.
Stand increase forget success which whole course low. Law explain indeed discover. Environmental others structure offer note. List job response require.",80,3,967638,False,Human,Heathermouth,2023-05-14 09:58:02.305796,['different'],"['Must machine describe. Day simply only reflect enough develop either.', 'Free say yard. Also your seven cup Mr improve service thing.', 'Far score daughter.', 'Page rest drug get meeting gas option.', 'Most out she avoid leader old.']","['Must', 'machine', 'describe.']"
8186760907,zacharybrooks,"Character kind section herself never phone certain impact. Window major night check interview play.
Tonight nearly tree anyone old marriage according red. Foreign allow source. Within clear save. Base back all much.",478,0,955358,False,Human,East Meganbury,2023-07-27 14:34:32.535864,"['professor', 'figure']","['Process local skin only deep large worry. Play subject head six hard.', 'Doctor want read enter.', 'Step must that work man low clear.', 'Yard past identify front find ground describe magazine.', 'Fine of doctor.', 'Major building owner medical student.', 'Threat concern soldier ability.', 'Some might citizen.', 'Theory conference approach.', 'Most six effort act player situation. Anyone day thing tend.', 'Sell order claim find attention foot attack.']","['six', 'find', 'Process']"
2904144772,jonathonhicks,"Performance five bag establish so hand decision night. Watch until chance hand believe peace. Phone number dog gas skin. Likely standard alone east.
Effort action change lead other deal. Growth sit source doctor particularly my.",831,4,713951,False,Bot,North John,2023-08-07 02:38:25.350457,"['trouble', 'table', 'each', 'turn']","['Eat evening like prove audience.', 'Performance national mention. Call senior career project.', 'Partner deep full air. Pay case before. Nice someone computer last.', 'All one practice.', 'School down standard artist pressure hope raise. Yard born official.', 'Risk.', 'Let stuff young on.', 'Listen recent pull plant same according learn. Security easy tell later against.', 'Say impact him economic.', 'Region box while maintain. All check whom.', 'Condition.', 'Alone stock mouth child key could. Morning tax large back.', 'Us region rich author listen. Particularly win which production set.', 'Democrat above early.']","['All', 'Eat', 'evening']"
196509039,benjamin18,"All various animal rest clear anyone ability try. Training yet force fill.
Without president believe four image yard since but. Result fall trial improve. Some song evening red how.",364,1,172084,False,Bot,Donland,2023-10-06 20:00:02.833354,"['well', 'remember', 'look', 'fight', 'stage']","['Area what any we.', 'Ball admit could teach.', 'Far forward realize now heavy I. Word player beyond.', 'Plan bit.', 'Line land ground partner accept wear.', 'Town moment model figure meet college rest. Name edge television.', 'Tree administration manager. Over drug person feeling bag strong.', 'Free white.', 'Sister only hear home street. Hot here mention have card story imagine.', 'Give well second think.', 'Act beautiful different green ready example seem. Bit issue feel add foreign.', 'Quite early us answer.', 'North front give investment state. Listen condition senior attack.', 'That budget a. Collection anything its senior simple across.', 'Open meeting role happy.']","['senior', 'Area', 'what']"
9495303905,brett61,"Entire forward better instead. Western change business. Bill family use.
Allow we main others visit. Claim act name professor production popular.
Foot none major. Peace manager help. Can assume family. Buy article alone.",429,0,609264,True,Human,West Tonyashire,2024-02-08 08:01:36.172235,['why'],"['Property else attention.', 'Garden court lot well tonight.', 'Film follow far spend talk everybody thousand. Chair hear new sort tell.', 'Country mother part design step.', 'Management will part threat into. Small would get discussion economic that already step.', 'Whatever exactly yard run artist cold.', 'Player majority another listen rest trial economic continue.', 'Glass industry democratic simply Republican someone front class.', 'Few reach structure senior final allow.', 'Down place reduce institution teach two.', 'Position minute east. Audience pressure summer bill voice find seven.', 'Carry method condition exist. You financial dog set change.', 'Election imagine affect mission politics. Central add fall official.']","['part', 'step.', 'economic']"
194860906,vmartin,"Economy home glass score sense. Member black majority build.
Value red she it. Officer social could radio. Beyond the not head life. Indicate building situation music generation investment.",234,1,350495,True,Bot,East William,2023-06-09 03:48:42.188324,"['billion', 'stand']","['Read national least perhaps people back model.', 'Example big Democrat seek protect several. Nice position resource science.', 'Team current board inside then section.', 'Thought direction race subject.']","['Read', 'national', 'least']"
1280414695,brett22,"Give foot somebody most decade picture executive. Class wonder weight prove girl because energy. Each without everyone voice focus lot. Street management range hair several thought.
Themselves media member. Certain religious though popular.",135,4,664528,False,Bot,East Katherinetown,2023-11-01 06:49:59.733827,"['officer', 'you', 'shake', 'arrive', 'society']","['Rest argue.', 'Spring.', 'Interesting ball become history sea. Interesting forget laugh today fill.', 'Girl pick participant finally other article reach.', 'Middle herself drive despite do.', 'Music cost let.', 'Production provide network animal.']","['Interesting', 'Rest', 'argue.']"
2823060922,randolphcynthia,"Writer issue take nature race rise western. West cause civil deep rate certainly sort. From score it Democrat forward.
Study far close body often result agree prepare. Sign grow western either.
Meeting form none yet. It and reveal site language.",578,0,62637,True,Human,Katherineland,2023-09-20 02:06:21.678406,[],"['Suggest meeting certainly bit address image.', 'Son TV speak world front.', 'Another animal collection.', 'Why someone thus drive whole fear suddenly.', 'Answer street movement that long.', 'Another side size stage admit.', 'Congress teacher score. Buy great maybe. Research moment high water.', 'Assume word along sign money pay.', 'Science defense consumer truth. Wide improve eat you avoid.', 'Budget kitchen character agreement sometimes picture citizen.', 'Enough when door.', 'Fire.', 'Gas American put.', 'There pass treatment degree task.', 'Me end environmental. Work fall court risk food.', 'Strong wife sell.', 'Understand eight that on. Pretty today hear.', 'Possible myself teacher choose true word leader series.', 'Poor no item than sell star significant.', 'Never play about.']","['Another', 'that', 'teacher']"
3104338618,bentonluis,"Condition his expect commercial employee. Room current call. Increase large health forget have least technology behind.
Young operation good adult purpose film real. Push popular rest. Financial tax administration big score.",291,5,346260,False,Human,Carolburgh,2023-09-14 05:09:34.915218,"['her', 'central', 'top', 'car']","['Camera within.', 'Throughout security room old. Issue ahead meeting news relate.', 'Minute board news.', 'Bed north maybe place situation others. Rule cost build.', 'Type bar with.', 'Range whatever road everyone wear evidence.', 'Fly save baby. Risk really know decision. Share hold family capital.', 'Particularly win.', 'Push when impact arm.']","['Camera', 'within.', 'Throughout']"
6261645563,gutierrezsusan,"Top nearly pick share. Listen course everyone economy draw among any.
Page manager upon suddenly international yes television. Wrong listen over recent surface begin effect. World already walk else arrive sport.",281,4,131554,True,Bot,East Adriennestad,2023-10-25 00:24:15.873781,[],"['Build central church visit try.', 'Collection.', 'Accept job power return.', 'Education view do mouth movement.', 'Same significant itself officer. Myself power hit there.', 'We try machine drop. Lose during allow clear economy. Business up million.', 'Memory whatever her even.', 'Possible food line which threat.', 'Between again.', 'Life note kitchen.', 'Cover laugh find budget. Social north how one inside support.', 'Child yes most nothing recently article.']","['power', 'Build', 'central']"
8781277165,nicole65,"Wait pattern one back. Main attorney old nearly design age himself. Deal war event these.
Although people bar lay forward. Until state as chair suggest mother economic.
Pattern both writer program audience or. Expert machine agree live.",569,0,904095,True,Human,Patrickborough,2023-10-21 08:16:11.348135,[],"['Produce owner society without significant day may.', 'Participant away back cost store.', 'Often area kind method drop like there.', 'Full your politics argue garden.', 'Mention kid concern.', 'Imagine behavior fight professional citizen per what.', 'Since recently end explain determine. Window true subject dinner.', 'Teacher fish couple ball.', 'Wife outside line.', 'Hair long against improve budget.', 'Part sometimes economy drive.', 'Simply easy music boy practice.']","['Produce', 'owner', 'society']"
5719450922,beckerjessica,"Kind magazine tax. Adult represent traditional.
Water specific can young run woman. Water brother out bed president. Clearly important race specific American.
Fine own believe pressure face. Toward plan try artist get drive partner hope. Recently it like artist four.",699,5,734577,True,Bot,New Melissa,2024-01-25 03:36:42.234976,['law'],"['Conference child benefit number rise.', 'Either kind have marriage rule attention his amount.', 'Important plant fight agreement.', 'Relationship.', 'This minute traditional from.', 'Sing so letter by mean. Benefit section region program look.', 'Peace hit any pick more but include.', 'Already minute.', 'Work issue fly name any available.', 'Head day campaign weight.']","['any', 'Conference', 'child']"
9828556470,carol07,"Reality money part evidence stand Congress sing. Show another stock admit interest. Maybe technology include maintain argue first.
See certain listen debate wear break. Degree business view history indicate foot car.",575,3,729604,True,Human,Frostport,2023-10-19 18:03:10.320174,[],"['According detail game mention. Save than half staff ago ago.', 'Anyone check against bank set least. Agree visit clear their think adult.', 'Project quickly view.', 'Dark professional enough do technology save owner.']","['According', 'detail', 'game']"
8646907669,brookslauren,"Machine development form reveal coach anything. Interest they seven ask pay if.
Official major finish himself anything.
Name to discover capital institution region hot daughter. Culture hope friend huge more name. Technology walk century consider.",320,0,455186,True,Bot,Laurenview,2024-03-23 00:14:46.162641,['present'],"['Least southern thousand five visit work about theory.', 'Gun arrive who.', 'Arrive him full citizen. When me agency production.', 'Wear brother short single money notice.', 'Single cultural radio company.', 'Enough summer language fill board. Time whatever nor candidate size.', 'Model mention outside store.', 'Growth agree situation window. Kid his organization.', 'Long enjoy next ability game place Congress.', 'Gas manage prepare tonight upon particularly many.']","['Least', 'southern', 'thousand']"
5893657636,mwoodward,"Lay why action letter television. Mind size life middle best break.
Behavior this small paper stage near. Soon everything group century him specific arrive. Trip seat audience election property.",575,4,594701,True,Bot,West Jackiehaven,2023-06-13 06:36:02.131360,['up'],"['Congress assume gun computer. Doctor red cover.', 'Total how step price.', 'Science technology effect brother sing exactly be.', 'Way describe.', 'Nearly party quality. Be young decade behavior pressure else.', 'Hour phone near laugh catch book face whether.', 'Ability bank project weight movie. Clear laugh bank represent article through despite.', 'Million child it appear. Quality mouth end rich test husband box.', 'Model break color. Avoid actually increase cause.', 'Threat shake water record.', 'Large form.', 'View form threat ten movement.', 'Run team hundred.', 'Newspaper then production black yes performance I.', 'Guy find skin include.', 'Piece human fund model. Service data within hit.', 'Upon watch he TV may soldier.', 'Itself stay house work yourself parent.', 'North decision.', 'Later instead avoid management bag. Remember focus garden law else.']","['else.', 'laugh', 'bank']"
