Tweet,Replies,Reposts,Likes,Bookmarks,Posted,Username,UserDescription,UserProfessionalCategory,UserUrl,UserJoinDate
"Iâ€™m just sitting here smiling. I look like a big dumb kid.
My oldest says. 
â€œWhy are you smiling like that, dad?â€

Its so hard to explain being a fan. But you know it when you see it. 

Thanks to @Rangers for giving us this. 

Little kid from East Dallas in me is grateful.",19.0,57.0,781.0,1.0,2023-10-24T04:03:42.000Z,Cory Mageors@inthemageors,Sports fan lucky to follow it as a job. On The K&C Masterpiece on 105.3 The Fan (opinions are mine) East Dallas raised #UNT Grad Father of 3 Husband to 1,,,Joined June 2010
Your team is 12-4. Shut up and enjoy the record.,45.0,58.0,735.0,46813.0,2022-12-30T04:22:58.000Z,Cory Mageors@inthemageors,Sports fan lucky to follow it as a job. On The K&C Masterpiece on 105.3 The Fan (opinions are mine) East Dallas raised #UNT Grad Father of 3 Husband to 1,,,Joined June 2010
We still have a journey ahead of us. We will still meet speed bumps and fallen trees along the way. Hopefully we can save a turtle here and there. But this is what I have been doing this week. Thank you all for being there for me. #LoveLucy,111.0,55.0,700.0,3.0,2019-02-16T02:49:30.000Z,Cory Mageors@inthemageors,Sports fan lucky to follow it as a job. On The K&C Masterpiece on 105.3 The Fan (opinions are mine) East Dallas raised #UNT Grad Father of 3 Husband to 1,,,Joined June 2010
Coming up now @1053thefan our good friend @SlaterNFL from @nflnetwork,18.0,26.0,600.0,,2020-01-09T18:19:11.000Z,Cory Mageors@inthemageors,Sports fan lucky to follow it as a job. On The K&C Masterpiece on 105.3 The Fan (opinions are mine) East Dallas raised #UNT Grad Father of 3 Husband to 1,,,Joined June 2010
My mom started a gofundme in hopes of raising some money to build a Dialysis Center in the Democratic Republic of Congo. Any donations help and please feel free to share it with others as well. https://gofund.me/08d04b3a,1.0,1.0,950.0,,2023-07-10T03:18:13.000Z,oliver konteh@forzarevilo,"Played some pro soccer in France, moved back to Ohio-LA and enjoying life one day at a time, no matter what it brings. Joga Bonito!  RetroToledo","Sports, Fitness & Recreation",instagram.com/oliverkonteh/,Joined May 2010
Letsgooo  #GTAVBMX @RockstarGames,100.0,533.0,4972.0,28.0,2020-06-17T04:48:50.000Z,FishyDizzle@FishyDizzle,Gaming. Jordans. Washed YouTuber.,,youtube.com/user/FishyDizzâ€¦,Joined December 2013
Episode 10 of @CloudDialogues is out now where @georgia2210 and I discuss serverless operating models with none other than @JoeEmison!  Joe reveals he has a blissful absence of operational headaches and the secret sauce of nurturing fresh talent! #podcast,1.0,6.0,488.0,,2024-03-19T21:43:30.000Z,Matt Gillard@mattgillard,"co-host http://cloud-dialogues.com #serverless AWS Community Builder, AWS Ambassador, Cloud Strategy, DevOps, @SLSDaysANZ - opinions mine,  @cevoaustralia",,medium.com/@mattgillard,Joined February 2008
Watch that video the link OF the video is :https://m.youtube.com/watch?v=0Sx0Nj6oEyA&t=1sâ€¦. It is mine on youtube,1.0,,,,2020-01-29T10:47:54.000Z,LION KING XTRA@KingXtra,LION KING XTRA,,,Joined January 2020
"you go to the back porch, pour a bourbon, fire up a cigar and watch the sunset and get on with your life",12.0,6.0,67.0,,2019-06-24T19:13:37.000Z,Col Alois Hammer@andyinsdca,"Maximizer/Strategic/Learner/Adaptability/Activator. (Gallup Strengths). Stay joyful, my friends. #SNBI. Hanlon's Razor was never true.",,andyinsdca.blogspot.com,Joined June 2008
"""Fascinating and Exciting Story"" 5
""Keep me on my toes"" 5
""Well Done"" 4
""Good sci-fi thriller"" 5
""Solid Read"" 5

Read _Shift now. https://buff.ly/2B9JPXR
#sciencefiction #bookworm #scifibooks #thriller #indieauthor #indiepub #SciFiFri",1.0,47.0,43.0,,2017-11-26T03:54:01.000Z,Brian Q. Webb (ç»´åšæ©)   @BrianQWebb,Struggling SciFi wordsmith & author of _Shift. _Shift is a science fiction thriller in the vein of Crichton & Suarez with a touch of  Lovecraft. http://amzn.to,,amwriting.xyz,Joined August 2014
You know you've peaked as a Canadian when you can punch in the code in the numerical lock with your mittens on.,4.0,2.0,28.0,1.0,2023-01-14T03:55:39.000Z,Linds@Cheekster82,CNA,,,Joined December 2021
,1348.0,,,,2024-01-20T09:20:11.000Z,ğ™¿ğš›ğš’ğš—ğšŒğšğšœğšŠ@djcaliphoria,Always missing Cebu,,,Joined May 2009
"Mum: *at 7am* IzzIE WAKE UP ITS TIME TO GET READY FOR SCHOOL 

Me:",6.0,,,,2014-11-10T20:45:54.000Z,Selfish Machine@Dizzie428,"Band obsesser, tree climber and hair dye enthusiast I love to pun okay",,â€¦er-than-gaskarths-eyebrows.tumblr.com,Joined November 2011
Hey Tweeps! My son and I are raising funds for @2ndharvest our favorite organization. Please support our effort if you can. Thank you! https://impact.shfb.org/fundraiser/3575909â€¦,1.0,3.0,,,2021-11-03T18:15:49.000Z,Marian Williams@wyguymom,"Social media consultant, wine drinker, lacrosse Mom. Currently, working in academia. I care about a lot of things, but delight in the ridiculous.",,,Joined November 2011
ÙØ±Ø­Ø§Ù†Ø© Ø¬Ø¯Ø§ Ø¨Ø§Ù„ØµÙˆØ±Ø© ÙˆÙ…Ø´ Ù‚Ø§Ø¯Ø±Ø© Ø§Ø±ÙØ¹ Ø¹ÙŠÙ†ÙŠ Ù…Ù† Ø¹Ù„ÙŠÙ‡Ø§  ÙˆØ§Ø®ÙŠØ±Ø§ Ø¨Ø¹Ø¯ Ø§Ù„Ù…Ø¯Ø© Ø¯ÙŠ ÙƒÙ„Ù‡Ø§ @MoSalah Ù…Ø³Ùƒ Ø±Ø³Ù…ØªÙŠ Ø¨Ø§ÙŠØ¯Ù‡ ÙˆØ´Ø§ÙÙ‡Ø§ ÙˆØ¨Ø¹ØªÙ„ÙŠ ØµÙˆØ±ØªÙ‡Ø§  ØµÙ„Ø§Ø­ Ø§Ù†Øª Ù…Ø´ Ù…Ø¯Ø±Ùƒ Ø§Ù„Ù†Ø§Ø³ Ø¨ØªØ­Ø¨Ùƒ Ø§Ø¯ Ø§ÙŠÙ‡ ÙˆÙ…Ù‡Ù…Ø§ ØªØ®ÙŠÙ„Øª Ø¨Ø±Ø¶Ù‡ Ù…Ø´ Ù‡ØªØ¹Ø±Ù Ø¨Ù†Ø­Ø¨Ùƒ Ø§Ø¯ Ø§ÙŠÙ‡ Ø±Ø¨Ù†Ø§ ÙŠÙØ±Ø­Ùƒ Ø²ÙŠ Ù…Ø§ ÙØ±Ø­ØªÙ†ÙŠ :),3.0,,,,2019-06-12T17:43:14.000Z,maha mohamed@Drmaha_mohamed,"The ones who notice the storms in ur eyes, the silence in ur voice & the heaviness in ur heart are the ones u need to let in!
TWD, Liverpool, WWE DX MRAVIP",,,Joined March 2012
"Only those who serve with justice are able to protect!
â†’RP Zonic The Zone Cop
â†’Not new to RP",10.0,1.0,,,2017-12-09T02:10:29.000Z,Zonic The Zone Cop@ZonicZoneCop,,,,Joined November 2017
Come join us on Sunday! Sign up on Eventbrite to make care packages for the homeless. Eventbrite link: http://dbplacarepackagesevent.eventbrite.com #dbpla,3.0,1.0,,,2016-10-21T01:00:01.000Z,Beta Ray Bree@Slim_Carey,"I jazz walked out the womb, ready to eat all the fruit snacks. Tea enthusiast. CSUSB Grad. Rose Nylund + Maxine Shaw + Ducky = me.",,,Joined June 2010
"Ugotavljam, da je Golob v svojem mandatu speljal le dve resni reformi:
1. Reformo svoje frizure
2. Reformo svojega zakona

Se opraviÄujem za rumenost tega posta ampak to je to, kar imamo. Zelo bm vesel, Äe me kdo z argumenti popravi.",44.0,170.0,828.0,3.0,2024-01-31T15:02:36.000Z,Marko PavliÅ¡iÄ@MarkoPavlisic,"inÅ¾enir, amaterski kolesar, nekoÄ jeanmark.",,imedi.si/blog/jeanmark,Joined May 2009
"Vojno nekateri plaÄamo z viÅ¡jo ceno bencina, drugi s poruÅ¡eno hiÅ¡o, izgubljenim otroÅ¡tvom ali Å¾ivljenjem. Se Å¡e smilite sami sebi zaradi bencina?",29.0,140.0,763.0,,2022-03-08T19:36:28.000Z,Marko PavliÅ¡iÄ@MarkoPavlisic,"inÅ¾enir, amaterski kolesar, nekoÄ jeanmark.",,imedi.si/blog/jeanmark,Joined May 2009
"RogliÄa brez maske na touru vidiÅ¡ le, ko je na kolesu. OdloÅ¾i jo tik pred Å¡tartom in ponovno namesti takoj po prihodu v cilj. Bodi junak! Bodi kot @rogla!",13.0,121.0,635.0,,2020-09-15T16:10:04.000Z,Marko PavliÅ¡iÄ@MarkoPavlisic,"inÅ¾enir, amaterski kolesar, nekoÄ jeanmark.",,imedi.si/blog/jeanmark,Joined May 2009
"Marjan,Äe ne bi odstopil,bi lahko pa ti Å¡el.",49.0,72.0,607.0,,2022-03-15T19:46:14.000Z,Marko PavliÅ¡iÄ@MarkoPavlisic,"inÅ¾enir, amaterski kolesar, nekoÄ jeanmark.",,imedi.si/blog/jeanmark,Joined May 2009
Pa kdo si ti @LukaMesec da boÅ¡ predstavnikoma narodnosti razlagal kako morata glasovati?,34.0,81.0,560.0,,2021-03-29T20:02:54.000Z,Marko PavliÅ¡iÄ@MarkoPavlisic,"inÅ¾enir, amaterski kolesar, nekoÄ jeanmark.",,imedi.si/blog/jeanmark,Joined May 2009
"Ko boste naslednjiÄ ugotavljali, da se v sloveniji ruÅ¡i sistem inÅ¡titucij se spomnite odgovora @sarecmarjan predsedniku @BorutPahor. To je klasiÄen primer ruÅ¡enja inÅ¡titucije, ker imamo pomisleke glede njegovega dela. Å½alostno in prezira vredno dejanje.",32.0,108.0,539.0,2.0,2021-02-01T18:17:28.000Z,Marko PavliÅ¡iÄ@MarkoPavlisic,"inÅ¾enir, amaterski kolesar, nekoÄ jeanmark.",,imedi.si/blog/jeanmark,Joined May 2009
"Fides ima prav, da ni priÅ¡el v #TarÄa, Äe je vabljen Jenull.",12.0,75.0,544.0,1.0,2024-02-29T19:58:08.000Z,Marko PavliÅ¡iÄ@MarkoPavlisic,"inÅ¾enir, amaterski kolesar, nekoÄ jeanmark.",,imedi.si/blog/jeanmark,Joined May 2009
Jesus makes everything possible in my life..! #JesusLovesMe,,,,,2020-12-22T16:28:15.000Z,P Beneban Sujil@pbsujil,,,,Joined October 2010
"Isaiah 6:8 I heard the voice of the Lord saying, â€œWhom shall I send, and who will go for us?â€ Then I said, â€œHere I am! Send me!",2.0,2.0,18.0,,2016-03-29T22:54:17.000Z,Abigail@abzbrigrier,"Humans are flawed, Jesus is not. Enjoy His Grace, Extend His Glory. Wife, Mom, Psych student. Chronically ill and mentally spicy.",,,Joined December 2013
Megan thee stallion breath control crazy wtffff. She be doing full out choreography and still be sounding like the studio version,66.0,3837.0,46423.0,496.0,2022-03-18T21:26:19.000Z,TDM@Trapdollazmanny,B!TCH Iâ€™M BLACK FT. BUTCH DAWSON OUT NOW!  Trapdollazmanny@gmail.com,Musician,linktr.ee/Trapdollazmanny,Joined June 2009
This the same thing as saying no homo before eating a hot dog lmao childish,23.0,331.0,6438.0,34.0,2021-09-27T19:23:06.000Z,TDM@Trapdollazmanny,B!TCH Iâ€™M BLACK FT. BUTCH DAWSON OUT NOW!  Trapdollazmanny@gmail.com,Musician,linktr.ee/Trapdollazmanny,Joined June 2009
lmao niggas be like â€œi am not fruity... but this album ainâ€™t bad â€,16.0,152.0,5287.0,39.0,2021-09-27T19:22:18.000Z,TDM@Trapdollazmanny,B!TCH Iâ€™M BLACK FT. BUTCH DAWSON OUT NOW!  Trapdollazmanny@gmail.com,Musician,linktr.ee/Trapdollazmanny,Joined June 2009
We met once,100.0,630.0,10877.0,9.0,2018-06-28T15:57:05.000Z,Jesse Heiman@JesseHeiman,security guard at CSC. Actor. GoDaddy and Planters Super Bowl Ad guy. I have Klinefelters/type2 diabetes. http://JesseHeiman.net,Entertainment & Recreation,jesseheiman.net,Joined March 2009
I only did what @michaelbay directed me to do :),25.0,74.0,4204.0,32.0,2020-04-06T22:48:02.000Z,Jesse Heiman@JesseHeiman,security guard at CSC. Actor. GoDaddy and Planters Super Bowl Ad guy. I have Klinefelters/type2 diabetes. http://JesseHeiman.net,Entertainment & Recreation,jesseheiman.net,Joined March 2009
Thanks for your support #StaySafe https://x.com/nickusen/statu/nickusen/status/1247225748404002817â€¦,12.0,182.0,2067.0,17.0,2020-04-06T18:51:47.000Z,Jesse Heiman@JesseHeiman,security guard at CSC. Actor. GoDaddy and Planters Super Bowl Ad guy. I have Klinefelters/type2 diabetes. http://JesseHeiman.net,Entertainment & Recreation,jesseheiman.net,Joined March 2009
"There are no words for how much I ADORE THIS WOMAN, and how HAPPY this made me.  #QueenBaranski",9.0,13.0,141.0,4.0,2018-05-09T17:30:50.000Z,alorak@KarolaLocksley,Christine Baranski called me A Lovely Young Woman,,merylisoneofakind.tumblr.com,Joined May 2010
November dump .. I know you missed my face,3.0,7.0,,,2022-11-30T18:21:00.000Z,Fey@Lyshpahh,Monday night is gay night!,,,Joined September 2011
I graduated college this morning and had a French fry sword fight with my little cousin at dinner tonight. #NewDegreeSameMe,16.0,,,,2017-05-07T01:18:02.000Z,Brittany James@BritNic19,The people who are crazy enough to think they can change the world are the ones who do | KÎ”,,,Joined July 2012
"""My name is Tyler Simms, and I am a Son of IpsWich."" 

-Warlock 

-Originated from the colony of Ipswich and one of the five families that survived the witch trials. 
-Retweet",1.0,12.0,10.0,1082.0,2024-03-13T11:11:11.000Z,Tyler Simms@IpswichWarlock,One of the F I V E SONS of Ipswich. Warlock.,,thecovenantfilm.fandom.com/wiki/Tyler_Simâ€¦,Joined April 2021
â€œI can do all things through Christ who strengthens meâ€,1.0,9.0,21.0,,2018-02-13T05:58:54.000Z,Bann@Bann_Dot,UK T&F. Today is like every other day just listening while looking for new possibilities it seems endless don't ever loose sight of hope. #Stesh/#Sade !@!~,,,Joined May 2013
"Surrendered easily! Today's #INDvPAK showed once and for all ki ""BAAP, BAAP HOTA HAI!""
K L Rahul, what a comeback! Virat Kohli was stunning! Must say, BOOM BOOM BUHRAH is phenomenal! Everyone played well!",15.0,107.0,766.0,5.0,2023-09-11T17:55:32.000Z,Dr. Rahul Patil (Modi ka Parivar)@raahulworld2009,Supports @narendramodi and by that extension #BJP. Hates #AAP and #Congress. Tweets in free time. Proud of Indian diversity. Marathi,,,Joined July 2009
Key note speaker. Bubble tea drinker.,2.0,,,,2022-09-28T09:46:10.000Z,jojoko@jojoko,"Key note speaker  , boba tea drinker",,,Joined March 2007
Â¡JesÃºs! Que Death Stranding les aburre. Que PokÃ©mon estÃ¡ â€œincompletoâ€. Que Fallen Order se fue demasiado a la segura. Â¿Seguros que esto es para ustedes? Porque no  mejor se van a ver series miadas y nos dejan en paz disfrutar nuestros juegos.,152.0,175.0,1000.0,,2019-11-15T15:43:51.000Z,Alberto Desfassiaux@AlbertoDefa,"Director Editorial de @atomix. Videojuegos, cine y cÃ³mics. Adoro hablar de aviones y a los NYY.",,atomix.vg,Joined March 2009
Sin duda el punto mÃ¡s alto de mi carrera. Sacrificios y mucho trabajo sÃ­ dan frutos. Pronto les cuento a detalle todo lo que nos dijo este verdadero genio de nuestra era.,68.0,39.0,958.0,1.0,2019-06-12T21:44:55.000Z,Alberto Desfassiaux@AlbertoDefa,"Director Editorial de @atomix. Videojuegos, cine y cÃ³mics. Adoro hablar de aviones y a los NYY.",,atomix.vg,Joined March 2009
"No, gamer no. MANIACO

Te vamos a extraÃ±ar, Gus.",11.0,45.0,866.0,,2020-04-11T17:55:09.000Z,Alberto Desfassiaux@AlbertoDefa,"Director Editorial de @atomix. Videojuegos, cine y cÃ³mics. Adoro hablar de aviones y a los NYY.",,atomix.vg,Joined March 2009
"mosh pit during blood on the leaves, great idea",1.0,7.0,,,2015-09-29T08:10:03.000Z,Nathan Sevilla@nateswellvilla,max farted!,,,Joined June 2009
Ù¹Ú©Ù¹ Ù†ÛÙŠÚº Ù…Ù„Ø§ Ú©ÙˆØ¦ÛŒ Ø¨Ø§Øª Ù†ÛÙŠÚº ØŒ ÙˆÙˆÙ¹ Ø§ÙˆØ± ÙˆÙØ§Ø¯Ø§Ø±ÛŒ  Ù¾Ú¾Ø± Ø¨Ú¾ÛŒ ØµØ±Ù Ø¹Ù…Ø±Ø§Ù† Ø®Ø§Ù† Ú©ÛŒ Û”Ø§Ù†Ø´Ø§Ø§Ù„Ù„Û,612.0,5199.0,24763.0,9.0,2023-04-19T18:31:54.000Z,Zubair Niazi@ZubairniaziPTI,"Affiliated with PTI since 2009, started as Youth founder. Actively working for Naya Pakistan.",,Insaf.pk,Joined October 2014
"Ù¾ÙˆØ±Û’ Ù¾Ù†Ø¬Ø§Ø¨ Ø³Û’ Ú©ÙˆØ¦ Ø¨Ú¾ÛŒ
 Ú©Ù†ÚˆÛŒÚˆÛŒÙ¹ ÙØ±ÙˆØ®Øª Ú¾ÙˆØ§ ØªÙˆ ÙˆØ±Ú©Ø±Ø² Ú©Ø§ Ù‚Ø§ÙÙ„Û Ù„ÛŒÚ©Ø± Ø§Ø³ Ú©Ùˆ Ù†Ø´Ø§Ù† Ø¹Ø¨Ø±Øª Ø¨Ù†Ø§Ø¦Ù†Ú¯Û’ Ú¾Ù… Ù†Û’ Ø²Ù†Ø¯Ú¯ÙŠÙˆÚº Ù¾Ø± Ú©Ú¾ÛŒÙ„ Ú©Ø± Ù…ÛŒØ¯Ø§Ù† Ù…Ø§Ø± Ù„ÛŒØ§ ÛÛ’",272.0,12066.0,35792.0,43.0,2024-02-10T14:07:26.000Z,Zubair Niazi@ZubairniaziPTI,"Affiliated with PTI since 2009, started as Youth founder. Actively working for Naya Pakistan.",,Insaf.pk,Joined October 2014
"Ù¾Ø´Ø§ÙˆØ± pk 80 Ù† Ù„ÛŒÚ¯ÛŒ Ø§Ù…ÛŒØ¯ÙˆØ§Ø± Ø¬Ø¹Ù„ÛŒ Ø¬ÛŒØª Ø³Û’ Ø§Ù†Ú©Ø§Ø±ÛŒ
Ø´Ú©Ø³Øª ØªØ³Ù„ÛŒÙ… Ú©Ø±Ù„ÛŒ
   Ø§Ø¹Ù„Ø¦ Ø¸Ø±ÙÛŒ",54.0,4760.0,18396.0,13.0,2024-02-12T09:06:27.000Z,Zubair Niazi@ZubairniaziPTI,"Affiliated with PTI since 2009, started as Youth founder. Actively working for Naya Pakistan.",,Insaf.pk,Joined October 2014
â€œI will be your shadow and reflection... Just stay by my side forever...â€  #CalvinKlein #jennie #jenlisa,12.0,18.0,253.0,28.0,2023-08-04T03:13:41.000Z,Anj@trishamaejane,Follow me on my Instagram @anj_blinks,,,Joined August 2009
Jenlisa only.,4.0,783.0,4502.0,177.0,2024-01-04T02:45:57.000Z,Anj@trishamaejane,Follow me on my Instagram @anj_blinks,,,Joined August 2009
This game has more drama than some of the novelas on Univision #MEXvPAN,5.0,215.0,191.0,,2015-07-23T03:36:01.000Z,JAY ROCHA@jayrochamusic,,,soundcloud.com/jayrochamusic,Joined October 2013
"Years down the line I would like to have my room's wall panelled multiple LED screens to view 2 cricket match, 2 diff , ,  #SuperSunday",4.0,13.0,,,2016-02-14T14:34:09.000Z,Ishu Khurana@khuranaishu,Sports. Music. Stories.,,,Joined June 2009
Is it possible for two friends guy and girl to cuddle and it not be sexual?,1.0,4.0,,,2017-11-14T06:57:12.000Z,idaho logger@idahorednek_51,I'm a 3rd generation logger and proud to call myself a logger. Born and raised in North Idaho,,,Joined September 2010
Tom Brady be like... https://vine.co/v/hUOiOXZBEYO,1.0,1.0,25.0,,2015-05-29T07:22:18.000Z,meg @megsapatsfan12,,,low-keyswiftie.tumblr.com,Joined December 2008
Hi from #Canyonleigh NSW Australia,238.0,177.0,328.0,,2016-02-06T01:53:31.000Z,Lisa Romano@LisaMRomano,"Hobby farmer, graphic artist, music lover, home cook, border collie owner.",,,Joined June 2012
"""What are you doing with yourself?""
Me:",3.0,1.0,28.0,,2018-08-17T20:43:39.000Z,Morgan@mrgn94,,,,Joined August 2009
"Hey so Iâ€™d like to announce Iâ€™ve started a Substack. Iâ€™ve got some review ideas, and Iâ€™ll be doing write ups for news that donâ€™t fit the other outlet. Iâ€™d love to have some subscribers ready to receive when I start writing.",2.0,1.0,1.0,1.0,2023-03-04T23:54:09.000Z,Scott In His Thirties@DigiRanger1994,He/Him Jew. The heroâ€™s name is Captain Shazam. PokÃ©mon Go: DigiRangerScott 4735 3844 0493 Writer @CultureSlate @whatsonpplus. Trans rights are human rights.,,muckrack.com/scott-sandler-1,Joined April 2009
Language arts teachers probably shoehorned in an entire lesson on on double negatives,19.0,70.0,3259.0,4.0,2019-05-30T06:00:15.000Z,Scott In His Thirties@DigiRanger1994,He/Him Jew. The heroâ€™s name is Captain Shazam. PokÃ©mon Go: DigiRangerScott 4735 3844 0493 Writer @CultureSlate @whatsonpplus. Trans rights are human rights.,,muckrack.com/scott-sandler-1,Joined April 2009
We should change her name to Noselpha Warenis,4.0,24.0,1525.0,9.0,2019-11-11T17:53:35.000Z,Scott In His Thirties@DigiRanger1994,He/Him Jew. The heroâ€™s name is Captain Shazam. PokÃ©mon Go: DigiRangerScott 4735 3844 0493 Writer @CultureSlate @whatsonpplus. Trans rights are human rights.,,muckrack.com/scott-sandler-1,Joined April 2009
Itâ€™s also a mement,5.0,7.0,939.0,,2019-03-22T04:09:24.000Z,Scott In His Thirties@DigiRanger1994,He/Him Jew. The heroâ€™s name is Captain Shazam. PokÃ©mon Go: DigiRangerScott 4735 3844 0493 Writer @CultureSlate @whatsonpplus. Trans rights are human rights.,,muckrack.com/scott-sandler-1,Joined April 2009
"Should be clarified: the owners were retiring and didnâ€™t find buyers so they just closed. Financially they were fine, but, well retirement is retirement",8.0,18.0,835.0,11.0,2023-11-19T22:57:46.000Z,Scott In His Thirties@DigiRanger1994,He/Him Jew. The heroâ€™s name is Captain Shazam. PokÃ©mon Go: DigiRangerScott 4735 3844 0493 Writer @CultureSlate @whatsonpplus. Trans rights are human rights.,,muckrack.com/scott-sandler-1,Joined April 2009
"One observation from the past few days - many Iowa fans drastically underestimate the support Jamie Pollard has from the Iowa State fanbase. Particularly in regards to his handling of current events, but on the whole as well.",1.0,7.0,93.0,1.0,2019-09-24T22:29:12.000Z,"Mitch, Pacers Fan@mitchellcline","Dad. Husband. Geologist. Iowa State. Everton. HALIana Pacers.

Nearly everything I post is more for me than you, so my apologies #catharsis",,,Joined August 2009
"Michael Skubalaâ€™s reign at Lincoln City Football Club.

A thread of starting 11â€™s & results",2.0,1.0,729.0,,2023-11-21T21:20:41.000Z,Adam@THEAdamVickery,#DadOfBoys #Imps                                 ğ™ğ™¢ğ™ğ™¡ğ™š ğ™‰ğ™¤ğ™¬  ğ˜¾ğ™§ğ™® ğ™‡ğ™–ğ™©ğ™šğ™§,,,Joined February 2009
"https://tr.ee/-LsxKWdX3n

New music , check it out",1.0,332.0,,,2023-05-19T06:15:01.000Z,Rene G.@Reneg23_,PiP // LIFE Segments Streaming On All Platforms //,,linktr.ee/PIPHL,Joined January 2012
Finally itâ€™s here!! My favourite @alo_oficial #beanie @McLarenF1 Have it flaunt it!!  #mclarenfamily #FernandoAlonso #F1 #MerryChritsmas,1.0,1.0,12.0,,2017-12-26T16:14:18.000Z,ABY@abhie_911,"F1 is life!! Live with chivalry, #believeinmclaren #mclarenfamily",,,Joined March 2011
out here w my dawg @GuyFieri,1.0,27.0,109.0,7.0,2022-08-02T19:28:53.000Z,sushi gawd @ANDRESOHYES,,,instagram.com/andresohyes_?iâ€¦,Joined July 2010
La Quinta vibes baby,22.0,461.0,1094.0,35.0,2021-05-28T18:54:02.000Z,sushi gawd @ANDRESOHYES,,,instagram.com/andresohyes_?iâ€¦,Joined July 2010
He is now saying the Court is being bullied but he neglects the fact that the Court is bullying and possibly killing women.,5.0,24.0,190.0,1.0,2022-05-07T00:52:28.000Z,Stacy Vance@StacyV200,wife of 39years & mother of two incredible daughters. She/Her Retired RN & an OSU Cowboy & Thunder fan. #NoH8 #WomensRights #BLM #GetVaccinated #GunSense #Love,,,Joined September 2011
This Oklahoman does not stand with Texas,721.0,53.0,177.0,36490.0,2024-01-24T20:46:15.000Z,Stacy Vance@StacyV200,wife of 39years & mother of two incredible daughters. She/Her Retired RN & an OSU Cowboy & Thunder fan. #NoH8 #WomensRights #BLM #GetVaccinated #GunSense #Love,,,Joined September 2011
"I agree with you and I thought about it this morning when I read about the 11 year old baby who was shot by a cop. Why, why did he shoot this baby? Can he not tell the difference between an adult and a child? Or does he care? We must keep the lines of communication open",3.0,29.0,144.0,3046.0,2023-05-25T23:53:23.000Z,Stacy Vance@StacyV200,wife of 39years & mother of two incredible daughters. She/Her Retired RN & an OSU Cowboy & Thunder fan. #NoH8 #WomensRights #BLM #GetVaccinated #GunSense #Love,,,Joined September 2011
The truth.,2.0,1.0,139.0,,2022-04-20T23:22:16.000Z,Stacy Vance@StacyV200,wife of 39years & mother of two incredible daughters. She/Her Retired RN & an OSU Cowboy & Thunder fan. #NoH8 #WomensRights #BLM #GetVaccinated #GunSense #Love,,,Joined September 2011
He is a child...this breaks my heart,4.0,9.0,108.0,,2018-07-23T19:40:56.000Z,Stacy Vance@StacyV200,wife of 39years & mother of two incredible daughters. She/Her Retired RN & an OSU Cowboy & Thunder fan. #NoH8 #WomensRights #BLM #GetVaccinated #GunSense #Love,,,Joined September 2011
Iâ€™d let them â€œThelma and Louiseâ€ it,1.0,116.0,,,2022-05-06T23:34:01.000Z,Stacy Vance@StacyV200,wife of 39years & mother of two incredible daughters. She/Her Retired RN & an OSU Cowboy & Thunder fan. #NoH8 #WomensRights #BLM #GetVaccinated #GunSense #Love,,,Joined September 2011
"Andy, thank you for your words. They mean so much to us who continue quarantining, wearing masks and waiting for our vaccinations. Happy 2021",3.0,115.0,,,2021-01-01T00:56:19.000Z,Stacy Vance@StacyV200,wife of 39years & mother of two incredible daughters. She/Her Retired RN & an OSU Cowboy & Thunder fan. #NoH8 #WomensRights #BLM #GetVaccinated #GunSense #Love,,,Joined September 2011
"You beauty, on point!",4.0,,,,2018-11-04T19:22:24.000Z,Erum Khan.@Erum00112,Cultural Ambassador at US department of State. Emporia State University. King Edward Medical university. Allhumdulilah,,,Joined May 2013
burn,1.0,2.0,,,2015-08-02T22:30:04.000Z,#1 laur stan@conftpre,take my love and run,,,Joined April 2014
Ok so Iâ€™m trying to make a list to tell everyone i love them and thank them for making life on twitter great but everytime I try add someone and think it works it deletes right after. So I love you all and just wanna day thanks to everyone for being you,13.0,1.0,,,2017-12-30T23:24:10.000Z,Christina@Christina_xox,Missing Delena and trying to adult,,,Joined September 2011
"Follow meeeee! Or don't...... either way, it's your loss.",3.0,4.0,44.0,,2016-05-09T21:45:16.000Z,Scot@theurparanoid,"Christian, Husband, Father.
System Engineer - Content/Data Sharing. 
Proudly American

Played soccer. Damaged body parts.

Light casts out darkness

Be uncommon",,,Joined February 2013
Fresh Turnes and some rando's sunnies for the next two hours jazz on @rdu985fm,127.0,,,,2023-03-18T20:05:58.000Z,amanda.mamaloco@amandamamaloco,"bent broadcaster, loosely playing Jazz, random gardener, fond of flickering images & involved in education. RECORDS https://mixcloud.com/amandapeter3/",,,Joined August 2010
"#MustWatch
Interactie tussen verweesde gorilla's en hun verzorgers, Senkwekwe Center in Virunga National Park, Democratische Republiek Congo.

Dit is de enige faciliteit ter wereld die zorg draagt â€‹â€‹voor #berggorilla's die het slachtoffer zijn geworden van vallen en stropers.",6.0,911.0,,,2024-04-06T08:51:57.000Z,Armand Vervaeck + TESLA nieuws  @ArmandVervaeck,"Voor VREDE en tegen OORLOG. Wapens doden, handel = welvaart.  @Tesla kopen, gebruik mijn bestelcode : https://tesla.com/nl_be/referral/armand37230â€¦",,,Joined October 2012
"Interaction between orphaned gorillas and their caregivers, Senkwekwe Center in Virunga National Park, Democratic Republic of the Congo.

This is the only facility in the world that cares for mountain gorillas that have been victims of traps and poachers.",120.0,4557.0,3856.0,,2024-04-06T08:13:59.000Z,Armand Vervaeck + TESLA nieuws  @ArmandVervaeck,"Voor VREDE en tegen OORLOG. Wapens doden, handel = welvaart.  @Tesla kopen, gebruik mijn bestelcode : https://tesla.com/nl_be/referral/armand37230â€¦",,,Joined October 2012
IM SO FUCKING HAPPY,1.0,3.0,,,2016-03-05T09:02:07.000Z,justine@skittlehes,get your sweet asses out of those chairs,,,Joined November 2014
"Well, here we are...in a world where right is wrong, up is down, objective truth is considered 'denial of science.'",9.0,33.0,,,2017-04-24T22:55:51.000Z,Nancy Clay@NancyLClay,"Freedom is a law of God, an eternal law. As long as a man stands for freedom, he stands with God.--Ezra Taft Benson",,,Joined March 2009
This is the best thing I've seen in a while. #birthcontrol,17.0,4252.0,7621.0,,2017-03-07T13:42:50.000Z,The Superboy@superboy8500,"Dallas. Marvel, Mariah Carey, drag, dogs, food & music.  Venmo: $20 to Superboy8500 with your Twitter name, for access to alt.",,instagram.com/superboy8500_,Joined September 2009
"Okay, just hear me outâ€¦",36.0,548.0,4632.0,19.0,2021-07-13T14:35:37.000Z,The Superboy@superboy8500,"Dallas. Marvel, Mariah Carey, drag, dogs, food & music.  Venmo: $20 to Superboy8500 with your Twitter name, for access to alt.",,instagram.com/superboy8500_,Joined September 2009
Does Twitter block us from posting our new Mastodon accounts? Let's see.,2.0,,,,2022-11-11T22:50:22.000Z,Kevin Seal@Kevin_Seal,organist for the @SanJoseSharks / papa bear for a 13yo / ................... .... ... .. . lead mouth for @SealParty6 / Gen-XAF / i enjoy food,,sealparty.com,Joined June 2008
Getting clowned by Bill Burr,2.0,,,,2021-04-04T20:29:00.000Z,Si@sisyphusishappy,,,,Joined September 2017
- â˜† http://amazingrussett.carrd.co â˜† -,3672.0,,,,2023-05-03T07:28:43.000Z,jennâ·@amazingrussett,certified yapper & proud hater || fan account,,twitch.tv/andrearussett,Joined June 2021
"Last night at a high school baseball game, I was asked ""So what position does your boy play?""...",2.0,66.0,,,2018-03-14T14:23:18.000Z,Nolan@nolan_smith3,get crazy with the cheeze whiz. Bethel baseball alum. Go Braves â€¢SJG29â€¢,,,Joined May 2012
I put everything thing on Jesus. #KusImChristLike,1.0,,,,2021-12-24T01:44:23.000Z,khristLike4@popitoff_TREDDY,#ImJustVenting IMA FUccKIN BANDOS free #JEREMY BANDOS'S 4s 4 lilB,,,Joined July 2011
self love is powerful,2.0,7.0,,,2019-05-15T19:31:05.000Z,harp âœ­@hharrperr,who drivin this bus,,,Joined February 2014
Conrads catching sharks,3.0,11.0,,,2016-07-07T11:59:18.000Z,â„¢@mitchthesquint,jersey,,,Joined January 2014
Look back to learn. Look forward to succeed.,,,,,2022-07-20T23:37:36.000Z,Nat@herrera_natalie,SC: nat_2418,Social Media Influencer,Instagram.com/nat_alie29,Joined November 2014
I'm just a Ted Moseby in a world where no one knows me.,,,,,2019-01-10T07:04:48.000Z,J@Str8outdaforest,"Born in Cali, Raised in B.C.
Only doin' this shit to deal with reality.",,,Joined December 2012
"Never settle for less than what you deserve. You are a queen!
-note to self",1.0,4.0,,,2017-03-12T02:12:37.000Z,Roenne@roennesr,"for someone who doesn't drink coffee often, i get jitters and palpitate a lot.",,,Joined July 2010
"å›½äº¤çœï¼šç·Šæ€¥å¾©æ—§ï¼ˆé“è·¯å•“é–‹ï¼‰ã®çŠ¶æ³
https://mlit.go.jp/road/road_fr4_000151.htmlâ€¦
ä»¤å’Œï¼–å¹´èƒ½ç™»åŠå³¶åœ°éœ‡ã€€é“è·¯å¾©æ—§è¦‹ãˆã‚‹åŒ–ãƒãƒƒãƒ—
https://mlit.go.jp/road/r6noto/index2.htmlâ€¦
TOYOTAé€šã‚ŒãŸé“ãƒãƒƒãƒ—
https://toyota.co.jp/jpn/auto/passable_route/map/â€¦
ITSä¹—ç”¨è»Šãƒ»ãƒˆãƒ©ãƒƒã‚¯é€šè¡Œå®Ÿç¸¾æƒ…å ±
https://disaster-system.its-jp.org/map4/map/#map=9/37.255473/137.079162&layer=gsiâ€¦",6.0,21.0,3351.0,,2024-01-30T22:43:05.000Z,Yuanrang@Ievrem,I'm trying to write in English. A very lazy birder. ã€€ãƒ•ã‚©ãƒ­ãƒ¼ã€ãƒªãƒ ãƒ¼ãƒ–ã”è‡ªç”±ã«ã©ã†ã,,twilog.org/Ievrem,Joined July 2009
"Johns Hopkins CSSE https://gisanddata.maps.arcgis.com/apps/opsdashboard/index.html#/bda7594740fd40299423467b48e9ecf6â€¦â€¦â€¦
ç–«æƒ…å®æ—¶æ’­æŠ¥
https://3g.dxy.cn/newh5/view/pneumoniaâ€¦â€¦â€¦
WHO COVID-19 data charts 
@h_okumura
https://oku.edu.mie-u.ac.jp/~okumura/python/COVID-19.htmlâ€¦â€¦â€¦
CoViD19-Î›FĞ¯ICÎ› 
http://covid-19-africa.sen.ovh/index.php?hitmap=okâ€¦â€¦ 
@NCoVAfrica 
Hospital beds for COVID-19  
https://stopcovid19.jp/#en @taisukef",1.0,3.0,68.0,,2020-11-20T09:46:52.000Z,Yuanrang@Ievrem,I'm trying to write in English. A very lazy birder. ã€€ãƒ•ã‚©ãƒ­ãƒ¼ã€ãƒªãƒ ãƒ¼ãƒ–ã”è‡ªç”±ã«ã©ã†ã,,twilog.org/Ievrem,Joined July 2009
The 3 People who always like and retweet your tweets,6.0,217.0,410.0,10.0,2016-10-12T05:41:47.000Z,King Weezh â™›@WeezhOG,"not active anymore, Iâ€™m on Instagram https://instagram.com/p/CJZYVSrJ4Ag/?igshid=9osiiv131yyzâ€¦",,youtube.com/c/Weezh,Joined June 2013
"Happy Halloween from your favorite kitte-
I mean Catwoman",1.0,19.0,1803.0,,2023-10-31T23:25:29.000Z,Nim @YazyFizzle,| just your average tenacious egirl |,,,Joined November 2010
They really be like â€œoh so Iâ€™m just the worst mother in the world huh? I do noooothing for youâ€ like why are you like this pleaseeee,12.0,182.0,1729.0,10.0,2019-11-07T15:57:04.000Z,Nim @YazyFizzle,| just your average tenacious egirl |,,,Joined November 2010
deceased  @asialbx,1.0,16.0,142.0,4.0,2018-09-11T16:43:14.000Z,Nim @YazyFizzle,| just your average tenacious egirl |,,,Joined November 2010
How awesome is this!!! #OPLive #OPLiveNation #OnPatrolLive,26.0,314.0,131.0,1.0,2022-11-27T03:45:30.000Z,Adrain @Adralicious,I tweet randomly about everythingâ€¦ #BRAVO #BigBrother #OPLive #OneChicago IG:adralicious,,,Joined April 2009
"Don't just speak SAY IT LOUD on issues that matter at YOUNG INDIA page and let it reach to masses
#YoungIndia
http://young-india.in/say-it-loud/",,,,,2017-04-08T17:21:43.000Z,Young India@youngindia_,,,young-india.in,Joined March 2017
"Teacher: Alright that's all for class today.
Classmate: What about last night's homewo...",12.0,23.0,,,2016-05-16T21:59:57.000Z,Kobidiah@krehbielk,"Washed up has-been collegiate pitcher. Cardinals baseball, Notre Dame football, and meat on the smoker sums it up",,,Joined January 2012
It's here. Listen to Good to Me now  - https://mailchi.mp/shannoncurtis/good-to-me-release-dayâ€¦,3.0,10.0,,,2022-12-02T16:00:29.000Z,Shannon Curtis@ShannonCurtis,"pack your things & let's go, everyone. find me here: https://mastodon.social/@shannoncurtis",,linktr.ee/shannoncurtis,Joined December 2008
10pm photoshoots are the norm here in Iceland,3.0,2.0,193.0,2.0,2019-06-02T00:11:31.000Z,Jill@Jilliannnn7,,,,Joined July 2011
"Hi @odtnews,

Thanks for your half arsed apology. We'd really appreciate a pallet or two of hand sanitizers and N95 masks for our hospital and the country as a whole. 

THAT would be an even better apology for your insensitive and immoral cartoon. 

Cheers",7.0,100.0,430.0,,2019-12-03T03:53:12.000Z,JR@guyfromsamoa,"Engage, Encourage, Empower! 
Proud Scarfie 
#Aspire2Serve
#685TOTHEWORLD
#UnderbellyPeacemaker
RT â‰  endorsement 
Views are my own & NOT my employer",,,Joined June 2009
Pretty sure @usmc wouldn't want this guy being the 2023 face of the USMC,1.0,20.0,205.0,31598.0,2023-01-08T00:58:55.000Z,JR@guyfromsamoa,"Engage, Encourage, Empower! 
Proud Scarfie 
#Aspire2Serve
#685TOTHEWORLD
#UnderbellyPeacemaker
RT â‰  endorsement 
Views are my own & NOT my employer",,,Joined June 2009
@AP Care to explain this????,6.0,14.0,189.0,,2020-01-25T07:52:27.000Z,JR@guyfromsamoa,"Engage, Encourage, Empower! 
Proud Scarfie 
#Aspire2Serve
#685TOTHEWORLD
#UnderbellyPeacemaker
RT â‰  endorsement 
Views are my own & NOT my employer",,,Joined June 2009
Beautiful friendship,1.0,3.0,175.0,,2018-12-05T16:32:17.000Z,JR@guyfromsamoa,"Engage, Encourage, Empower! 
Proud Scarfie 
#Aspire2Serve
#685TOTHEWORLD
#UnderbellyPeacemaker
RT â‰  endorsement 
Views are my own & NOT my employer",,,Joined June 2009
BREAKING : Friends show to end,1.0,22.0,168.0,,2017-06-03T03:25:31.000Z,JR@guyfromsamoa,"Engage, Encourage, Empower! 
Proud Scarfie 
#Aspire2Serve
#685TOTHEWORLD
#UnderbellyPeacemaker
RT â‰  endorsement 
Views are my own & NOT my employer",,,Joined June 2009
Can someone please tell Eliota that the vaccines are free. We have teams upon teams going out to the villages as well for the shots. Eliota is doing nothing but complain about things because he's not the centre of attention. Doing a great disservice to all those saving lives!,7.0,26.0,169.0,,2019-11-29T22:59:50.000Z,JR@guyfromsamoa,"Engage, Encourage, Empower! 
Proud Scarfie 
#Aspire2Serve
#685TOTHEWORLD
#UnderbellyPeacemaker
RT â‰  endorsement 
Views are my own & NOT my employer",,,Joined June 2009
I'm only as strong as my wifi signal,3.0,,,,2016-04-27T19:11:27.000Z,Bailey Jaworski@BaileyJaworski,Cool kid wannabe,,Instagram.com/dr_bailey,Joined April 2009
There isn't any #ai that can match what Mother Nature creates everyday.,1.0,1.0,25.0,,2024-01-14T20:21:21.000Z,d!giD0F@DigiDOF,"Gen-X - W/Experience from A-trax to A.i. from The X-Men 2 Ox/Hex 2 Quantum Leap, from the 80s - 2G to Ï€ Learning the Learner.",Vintage Store,,Joined February 2011
49er faithfuls ride with me  #FTTB #SuperBowl #LFG,78.0,34.0,1268.0,11.0,2024-02-11T20:55:17.000Z,Melly @mellycakeslove,"Welcome to Melissa Mania. I'm just a good girl from Eastside Une, trying to keep my life in tune. Virgo Goddess. ommy Life. Niner Faithful. Social Butterfly.",,,Joined September 2010
My hair was SO on point yesterday!,104.0,26.0,962.0,10.0,2023-06-24T20:48:51.000Z,Melly @mellycakeslove,"Welcome to Melissa Mania. I'm just a good girl from Eastside Une, trying to keep my life in tune. Virgo Goddess. ommy Life. Niner Faithful. Social Butterfly.",,,Joined September 2010
Anyone have info on how I can book the Pointer Brothers for my parole hearing?,1.0,1.0,3.0,1.0,2022-02-09T15:09:10.000Z,Al Prazolam (Parity)  @drunk8gods,"It's the 90s baby, no time to be conservative.",,dancingjesushomepage.tumblr.com,Joined January 2009
Do You Need Help Putting All of the Pieces Together For Your Online Business? Having a Mentor to Guide You Makes All the Differenceâ€¦ I Want to Be That  Mentor for You As You Build and Grow a Profitable Online Business From  Home... Come aboard at https://MonthlyMentorProgram.com,28.0,,,,2024-04-05T19:04:00.000Z,Connie Ragen Green@ConnieGreen,"Online marketing strategist, bestselling author, and international speaker on the topics of entrepreneurship and inner game mind shifts. Start here...",Writer,linktr.ee/ConnieRagenGreâ€¦,Joined April 2008
"Working on something huge... we're in stealth 

â†’ get early access below",36.0,30.0,475.0,137.0,2024-04-03T17:21:55.000Z,Linus â—á´—â— Ekenstam@LinusEkenstam,"AI Gardener & Designer. Follow to get the latest AI trends, learn how to use AI tools to augment yourself - @bedtimestoryai @typeform @flodeskinc @thingtesting_",,calendly.com/linusekenstam/â€¦,Joined April 2007
"This is unacceptable, should not be possible 

Made possible by @_nonfigurativ_",1071.0,8412.0,60797.0,14196.0,2023-11-22T16:05:50.000Z,Linus â—á´—â— Ekenstam@LinusEkenstam,"AI Gardener & Designer. Follow to get the latest AI trends, learn how to use AI tools to augment yourself - @bedtimestoryai @typeform @flodeskinc @thingtesting_",,calendly.com/linusekenstam/â€¦,Joined April 2007
"THANK YOU @DjokerNole for your existence and your greatness, for your kindness and the goodness of your heart.",2.0,12.0,83.0,2.0,2017-04-22T07:30:46.000Z,Sanja@SanjaSkipy,"28 years old, Master of Laws | Novak Djokovic is everything | Followed by @DjokerNole & @AnaIvanovic |",,,Joined December 2011
Andre Fatehi,134.0,755.0,16651.0,187.0,2024-04-03T15:57:09.000Z,Sagar@sagarcasm,5 time Champion in Gully Cricket. Went to IIM Ahmedabad to meet a friend. Chief Administrator in 3 WhatsApp Groups.,,linkedin.com/company/sagarcâ€¦,Joined September 2009
"If I win, I will donate all the money for development of football in India 

Hit the like button",1944.0,14914.0,227748.0,547.0,2023-07-14T11:38:22.000Z,Sagar@sagarcasm,5 time Champion in Gully Cricket. Went to IIM Ahmedabad to meet a friend. Chief Administrator in 3 WhatsApp Groups.,,linkedin.com/company/sagarcâ€¦,Joined September 2009
I'm embarrassed . This nigga just pulled up on me as I was leaving BevMo & asked what I was going thru & I was confused af so I'm like huh & he was like you too pretty to be listening to teach me how to dougie in 2022 Then pulled off  disgusted,168.0,3354.0,24918.0,433.0,2022-05-13T23:37:32.000Z,Jaz'oynce Targaryen@Miss_Dalisa,$$$,,,Joined March 2009
If biggie woulda tried to holla at me and grabbed my arm in the club I'd look him in that one eye and scream at the top of my lungs,270.0,5320.0,23593.0,680.0,2023-01-31T09:40:03.000Z,Jaz'oynce Targaryen@Miss_Dalisa,$$$,,,Joined March 2009
My nephew is so handsome OMG,22.0,137.0,9579.0,45.0,2024-03-20T16:08:37.000Z,Jaz'oynce Targaryen@Miss_Dalisa,$$$,,,Joined March 2009
Generation full of people who can't read . can't communicate . Can't empathize . Can't control their horny . Can't get past their trauma . Can't maintain healthy friendships . Can't keep a job . Cant shut the fuck . Can't mind their business . Can't self reflect .,27.0,1956.0,4562.0,658.0,2024-03-06T08:19:46.000Z,Jaz'oynce Targaryen@Miss_Dalisa,$$$,,,Joined March 2009
As of today I am no longer an employee of the Dallas Cowboys. I want to thank the Jones Family for an incredible opportunity. They put me on the world stage and Iâ€™ll always be grateful. I am looking forward with anticipation to my next challenge here very soon.,2505.0,1278.0,7975.0,18.0,2019-11-18T18:37:00.000Z,BryanBroaddus@BryanBroaddus,@GBagNation 2-7pm M-F @1053TheFan Love of the Star Podcast @TheDraftShow Super Bowl Champ - Green Bay Packers â€˜96. Emmy Winner. LSU Tigers. Proud Father,,1053TheFan.com,Joined July 2010
Someone buy Wilson a beer after that 4th and 4 catch. That saved your game.,115.0,367.0,3955.0,2.0,2021-10-17T23:59:04.000Z,BryanBroaddus@BryanBroaddus,@GBagNation 2-7pm M-F @1053TheFan Love of the Star Podcast @TheDraftShow Super Bowl Champ - Green Bay Packers â€˜96. Emmy Winner. LSU Tigers. Proud Father,,1053TheFan.com,Joined July 2010
Procedure went very well. No blockage in my heart. Doctor who worked on me was a TOLO. Staff was super nice @TXHealthSurgery as well. Should be back in action on Wednesday. OTAs. @CowboysBreak and @gbagnation.,347.0,105.0,3163.0,3.0,2023-06-06T19:41:53.000Z,BryanBroaddus@BryanBroaddus,@GBagNation 2-7pm M-F @1053TheFan Love of the Star Podcast @TheDraftShow Super Bowl Champ - Green Bay Packers â€˜96. Emmy Winner. LSU Tigers. Proud Father,,1053TheFan.com,Joined July 2010
mi familia,32.0,,,,2024-02-18T13:14:02.000Z,hil áƒ¦@hillaryjaneee,my dear diary,,,Joined June 2012
"Lets not disappoint the gentlemen anymore, Happy Birthday Boss and Marry Christmas guys!",1.0,1.0,11.0,,2018-12-25T01:06:29.000Z,Soban Shahid@sbnshahid,Strategic Procurement at Coca Cola | @LifeAtLUMS | Former President IEEE Lums | Past at Engro & PEL,,facebook.com/sbn.shahid,Joined February 2012
"What sane mother would say this to her 24 year old, unmarried, financially unstable daughter??",2.0,18.0,,,2019-11-16T03:49:56.000Z,Megan Puglia@MeganPuglia,youâ€™re*,,,Joined March 2012
"""Take extreme ownership of everything in your world. Take ownership of your mission. Take ownership of the future you want to create"" #MondayMotivation",1.0,5.0,16.0,,2020-01-06T13:19:28.000Z,MÃ¯shhhhheXe on Mars@MishMatheus,I empower innovators by way of social. Life Mantra  Leave it better than you found it. Freedom over fear.,,instagram.com/mishmatheus,Joined November 2008
Iâ€™ve been sleep on Wizkid for too long,14.0,144.0,813.0,,2021-07-17T21:54:17.000Z,$tevie WonderfuÅ‚@Dready_Day,VCU Alum.,,,Joined January 2013
Yo am I the only who hasn't been getting VCU alerts for crimes?? Ain't no way Richmond just stop wilding out after one semester,152.0,384.0,,,2017-02-17T01:38:16.000Z,$tevie WonderfuÅ‚@Dready_Day,VCU Alum.,,,Joined January 2013
pear......,1.0,4.0,89.0,,2017-03-20T16:18:17.000Z,$tevie WonderfuÅ‚@Dready_Day,VCU Alum.,,,Joined January 2013
Bc that one horse really needs to be pulling all of them damn people  in 80 degree weather smh,42.0,71.0,,,2017-04-21T21:11:34.000Z,$tevie WonderfuÅ‚@Dready_Day,VCU Alum.,,,Joined January 2013
"Another carriage horse named ""Big John"" collapsed on the streets of Charleston. Tell the City of Charleston to ban horse carriages for good!",1.0,34.0,72.0,,2017-04-21T04:30:59.000Z,$tevie WonderfuÅ‚@Dready_Day,VCU Alum.,,,Joined January 2013
"The heavens reward thee manifold, I pray.",6.0,,,,2016-05-09T01:55:02.000Z,Tea Saolele@Tea_Muaiava,A ready heart,,,Joined November 2014
You remember nevel papperman from iCarly? Well this is him now. Feel old yet?,4.0,105.0,353.0,,2015-02-11T02:32:13.000Z,nick@nickrmyers,CBU baseball - CK15,,,Joined May 2013
I JUST MET FERGIE JENKINS!!!!!!!,95.0,68.0,1034.0,2.0,2019-03-30T18:40:26.000Z,Mary #FlyTheW @mchastain81,"Work: @LegInsurrection @reason @thehill @dcexaminer. I LOVE baseball, esp. @Cubs. Catholic. libertarian. @okstate alumna. @SetonHallLaw '25 #SaveWomensSports",Media & News,legalinsurrection.com/author/mechastâ€¦,Joined April 2009
I had my last cigarette 8 weeks ago. I haven't smoked in TWO MONTHS.,318.0,56.0,5076.0,4.0,2020-12-08T22:50:24.000Z,Mary #FlyTheW @mchastain81,"Work: @LegInsurrection @reason @thehill @dcexaminer. I LOVE baseball, esp. @Cubs. Catholic. libertarian. @okstate alumna. @SetonHallLaw '25 #SaveWomensSports",Media & News,legalinsurrection.com/author/mechastâ€¦,Joined April 2009
It's a trap! https://x.com/DepressedDarth/DepressedDarth/status/1355937880212992002â€¦,79.0,277.0,5366.0,20.0,2021-01-31T17:57:44.000Z,Mary #FlyTheW @mchastain81,"Work: @LegInsurrection @reason @thehill @dcexaminer. I LOVE baseball, esp. @Cubs. Catholic. libertarian. @okstate alumna. @SetonHallLaw '25 #SaveWomensSports",Media & News,legalinsurrection.com/author/mechastâ€¦,Joined April 2009
"I'm delighted to announce I've written a new crime series, set in the wonderful city of Chester, featuring a new detective; DI Emma Christie.

It's up for pre-order now and released on March 26.

#crime
#chester
#thriller",3.0,56.0,58.0,2245.0,2024-02-11T10:00:45.000Z,m j lee@WriterMJLee,Author of crime and mystery novels. Member of the CWA. Flaneur. Erstwhile creative director and dad. Can be found in a wine glass.,,writermjlee.com,Joined April 2015
"I canâ€™t believe itâ€™s only been a month of you being gone, I miss you everyday Mum",4.0,50.0,,,2021-07-27T20:14:47.000Z,Â©Â®@ChloeRaphael5,sc - chloe.raphs5,,,Joined April 2014
"All the things you take for granted, someone else is praying for them right now",1.0,39.0,86.0,1.0,2016-03-07T01:59:39.000Z,Vickâ„¢@v1ck_mendoza,"El Colongo, Michoacan // SC :@v1ck_mendoza",,,Joined September 2013
My favorite thing to do is LAUGH & to make people LAUGH,1.0,1.0,,,2019-07-30T18:06:46.000Z,ROC SOLID@rockiesworld,"JR is my & my  My Quote:""Stay UP it's no room down there"" Aquarius Queen",,,Joined May 2009
"First time managing a crew solo
Watering the skin for a pro game 
Heart rate",8.0,2.0,270.0,,2022-04-25T04:44:56.000Z,Sean Cheng @ChengsTweets,Oakland Athletics Groundskeeper | IG: sean_cheng24ï½œ Views are my own and not of my employer,,,Joined July 2009
Ohtani going out of his way to walk around the Opening Week logo.,15.0,177.0,1364.0,4.0,2018-04-08T20:59:50.000Z,Sean Cheng @ChengsTweets,Oakland Athletics Groundskeeper | IG: sean_cheng24ï½œ Views are my own and not of my employer,,,Joined July 2009
"EW spoiler policy
1. i will post screenshots of new gear that i get
2. if i am talking about MSQ ill use rot13
3. i wont post obvious screenshots of new content until the weekend after full launch",1.0,1.0,,,2021-12-01T09:09:05.000Z,Bitingway@SexVegeta,"Louka Nieves @ Malboro, WAR/DRG Main",,,Joined September 2013
Life is too short to hate people. So if I die tomorrow just want to let you all know I have no grudge for anyone.,1.0,5.0,22.0,,2021-01-28T06:04:36.000Z,Aqua dÃ© Vida@Waq_Ar,"""When someone directs a foolish question my way, I feel it's my legal responsibility to offer a sarcastic reply.â€ Kashmiri",,instagram.com/waq_ar,Joined May 2011
"Artists!!
If you need your songs mixed and mastered, hit me up. You can DM me or hit my email in my bio.",11.0,15.0,,,2016-08-10T03:29:31.000Z,mixedby:zdavi@ZDavi,Cool dude in a cold world. mixedbyzdavi@gmail.com $ZDavi,,,Joined January 2009
Twenty-FINE,2.0,11.0,38.0,1584.0,2024-02-23T19:01:31.000Z,Bella Goth@_____kay__,im just a girl,,instagram.com/_makayla.s,Joined January 2013
I saw mcr twice what the fuck,4.0,,,,2022-05-27T01:12:51.000Z,'these are my best friends'@insanityIaughs,See the man who stands upon the hill. He dreams of all the battles won.,,,Joined April 2012
"The equation is simple! When HE laughs, WE laugh... When HE cries, WE cry... Forever & proud SRKians for life",77.0,429.0,290.0,1.0,2016-05-07T07:00:37.000Z,Ğ½Î±Î·Î¹Ò“@HanifTheSRKian,"SRK  , Messi  , Dhoni 

*FAN ACCOUNT*",,,Joined November 2014
BossLogic  Hope in future you design some of SRK's Movie Poster,1.0,27.0,173.0,2.0,2023-10-28T11:14:41.000Z,Ğ½Î±Î·Î¹Ò“@HanifTheSRKian,"SRK  , Messi  , Dhoni 

*FAN ACCOUNT*",,,Joined November 2014
@gibsonguitar @SINISTERGP @JetCityAmp @vonyorkusa @MorleyPedals #georgelscables,1.0,13.0,15.0,,2017-11-01T20:23:48.000Z,Mark Claytor@mcsologuitar,"Original, Instrumental, Rock, Guitar, Music!",,mcsologuitar.com,Joined November 2010
145 pounds of pure joy and i could care less!!,591.0,32325.0,62122.0,19.0,2015-06-08T03:33:19.000Z,al pal@aIexjoy,one constant shit show || ig @alex.joy,,piecesbyjoy.co,Joined February 2014
that girl is poison,65.0,1193.0,14780.0,111.0,2018-05-11T03:02:41.000Z,al pal@aIexjoy,one constant shit show || ig @alex.joy,,piecesbyjoy.co,Joined February 2014
it's about damn time i'm legal,123.0,909.0,10450.0,35.0,2018-02-19T03:46:29.000Z,al pal@aIexjoy,one constant shit show || ig @alex.joy,,piecesbyjoy.co,Joined February 2014
Issa mood,9.0,,,,2018-03-19T04:52:47.000Z,Areli Preciado@areliii_1,JAL | LA  B.S. Kinesiology-Rehabilitative Services Cantante Nail business owner gamertwitch- apreci20 IG: arelipreciado97,,twitch.tv/apreci20,Joined December 2014
love you lots tobi.,5.0,2.0,54.0,1.0,2019-07-13T03:27:32.000Z,mads@sailorlou,tobi lou love bot à¬˜(à©­ Ë˜ áµ•Ë˜) â™¡ âœ§ï½¥ï¾Ÿ (i am not impersonating tobi lou),,tobilou.com,Joined August 2018
Bound by the Infinity of Music! #MusicIsTheMasterOfMySoul,9.0,,,,2013-11-14T15:20:59.000Z,Regi@ReginatorX,"#ReginatorX #MusicIsTheMasterOfMySoul, Married to my Best Friend Paul!",,,Joined September 2013
HOJE FAZ UM ANO DO MELHOR MOMENTO DA MINHA VIDA: O DIA QUE LANA DEL REY ME SEGUIU NO INSTA,,,,,2017-09-19T10:58:55.000Z,yuri Ã¦@oyurifernandes,I'd be lying if I said I wasn't sick of it,,linktr.ee/oyurifernandes,Joined January 2012
The disobedience of mankind will be the downfall of the earth.,1.0,6.0,,,2019-05-06T19:44:04.000Z,J.@JShammie,we will conquer                             instagram: saminexxi,,youtube.com/channel/UCRVfJâ€¦,Joined October 2011
taking Ls like its my job,5.0,,,,2016-01-27T21:55:00.000Z,Kart@KarstenLindahl,never expect anything and you won't be disappointed,,,Joined July 2012
"its a large population country sir. 

we will discover data we set out to find. exact opposite anti-data is also happening at the same time",1.0,3.0,781.0,,2023-04-12T04:42:54.000Z,finkrishna@finkrishna,Blockchain student,,,Joined July 2009
"Hi guys! I have just launched my baby and I sell scented candles with a positive message. Have a look at my Instagram and you might find what you like. 
https://instagram.com/otgartesania?igshid=kru5s356e7izâ€¦",3.0,40.0,74.0,4.0,2020-07-25T08:57:50.000Z,Nomsa M @Nomzy_M,"Entrepreneur, founder of @OTGArtesania I DONT PLAY SMALL! Ngwana wa Badimo",,instagram.com/otgartesania?iâ€¦,Joined July 2011
I always thought as a child I'd have more trouble with quicksand than I would with Nazis.,2.0,15.0,88.0,1.0,2017-08-12T21:07:40.000Z,Cat what looks like a duck.@Joseph_Palmer,"M,M,M,P Vaccinated. â¦½
I love to sing.
I look MUCH better in a mask.
I play guitar. (But not particularly well.)
He/Him 
I follow smart people.",,josephpalmer.com,Joined April 2009
"girls should be allowed to do one murder and just get away with it. no murder for boys, but i think girls should get one. iâ€™m a feminist",2.0,33.0,230.0,2.0,2021-02-04T21:28:21.000Z,Jonathan Young@jonathanyoung97,BFA NYU. definitely former blue check. tweets are my own and retweets are how I pass the time,,blacklivesmatters.carrd.co/#,Joined July 2012
What happened to the head nod iykyk,170.0,,,,2023-04-21T16:51:42.000Z,â€¢@Kentonism,,,,Joined August 2010
"NEW SINGLE ""CLOUT"" IS OUT NOW ON ALL PLATFORMS. LINK IN BIO https://distrokid.com/hyperfollow/sledgerdon/clout-2â€¦

Produced by @NYBangers
.
.
.
.
#sledgerdon #newmusicoutnow #newmusicalert #cloutoutnow #allplatforms #TrinidadandTobago #clout",2.0,1.0,7.0,,2021-07-31T04:44:53.000Z,Sledger Don @Sledger_Don,"Rapper/Songwriter
NEW MIXTAPE COMING SOON.
Who Me Whoopty Freestyle out now",Musical Artist,linktr.ee/sledgerdon,Joined October 2013
"Solar is a high profitable industry & growing very aggressively in India. Starting a solar business may make you bilinear. 

Watch YouTube video: https://youtu.be/6gIsI1CeDAE
Apply for Franchise: http://ow.ly/oj9X50CQMcO",1.0,1.0,1.0,,2020-12-21T09:10:17.000Z,IndiaGoSolar@indiagosolar,"IndiaGoSolar is Indiaâ€™s 1st Solar eCommerce market place Founded by IIT,IIMâ€™s alumni & experienced professional of MNCs. M:8882210166  support@indiagosolar.in",,indiagosolar.in,Joined January 2015
"Trilogy 
After Hours, Dawn Fm, After Life",1.0,1.0,11.0,1.0,2022-01-11T03:27:44.000Z,J.Cole said im a hoe@ovoxo_nicole,Well I canâ€™t eat your ass if youâ€™re gonna be tweeting about it,,,Joined February 2012
who tf forgets to text back somebody theyâ€™re genuinely interested in? nobody,947.0,52301.0,189396.0,2866.0,2020-06-20T18:18:06.000Z,susan@luvsusieq,what others think of me is none of my business..,,Instagram.com/luvsusieq,Joined September 2009
Iâ€™ll sacrifice April and May.. I just need June and July.,95.0,43222.0,131992.0,298.0,2020-04-20T19:31:12.000Z,susan@luvsusieq,what others think of me is none of my business..,,Instagram.com/luvsusieq,Joined September 2009
"things I need rn:
1. an orgasm 
2. attention 
3. $50,000",325.0,26836.0,91705.0,1285.0,2021-04-03T03:07:12.000Z,susan@luvsusieq,what others think of me is none of my business..,,Instagram.com/luvsusieq,Joined September 2009
"if he doesnâ€™t check to see if you ate, or need to be ate.. heâ€™s not the one.",102.0,14106.0,58339.0,1362.0,2021-09-23T00:58:14.000Z,susan@luvsusieq,what others think of me is none of my business..,,Instagram.com/luvsusieq,Joined September 2009
"""we gonna fight when i see u""",116.0,7907.0,26211.0,1275.0,2020-09-29T18:54:05.000Z,susan@luvsusieq,what others think of me is none of my business..,,Instagram.com/luvsusieq,Joined September 2009
Me veÃ­a linda,2.0,5.0,244.0,,2024-03-28T20:55:31.000Z,Yaloso@_WildEyes_,,,,Joined December 2016
"album: 
O.P. https://unitedmasters.com/m/dayop

videos: 
O.P. https://youtu.be/LH0r2xKDeas
Bridge https://youtu.be/FxQEmBNQ5JE
Danger https://youtu.be/5vrw5y2LMms",6.0,9.0,1043.0,,2023-02-15T13:00:55.000Z,IMB SuprHeem@DayObama,subtitles,,linktr.ee/dayobama,Joined March 2009
"I am a proud descendant of a Ghanaian slave. One of my cousins traced our family history in Tobago back to that slave. You cannot embarrass me with my history, so don't try. HYMC",17.0,78.0,831.0,14.0,2022-06-03T16:01:19.000Z,Jax YW@TriniJax,"Boss Lady, civil engineer, consultant, hotelier, YummyMummy, Potterite, Chelsea FC, cat lady, Superwoman. Sports, music, books, fine wines & finer men",,waitingonthewestcotts.com,Joined November 2010
Allyuh...remember when we were worried about Chikungunya? And Zika??? Good times,14.0,357.0,1748.0,6.0,2020-09-11T21:08:29.000Z,Jax YW@TriniJax,"Boss Lady, civil engineer, consultant, hotelier, YummyMummy, Potterite, Chelsea FC, cat lady, Superwoman. Sports, music, books, fine wines & finer men",,waitingonthewestcotts.com,Joined November 2010
"Personally, I'm over this pantyliner",2.0,91.0,1414.0,6.0,2021-02-23T17:38:55.000Z,Jax YW@TriniJax,"Boss Lady, civil engineer, consultant, hotelier, YummyMummy, Potterite, Chelsea FC, cat lady, Superwoman. Sports, music, books, fine wines & finer men",,waitingonthewestcotts.com,Joined November 2010
I'm at the Nagar for my 2nd shot. Literally thousands of people here organized in an orderly manner. They're doing 800 jabs an hour. Over 4000 done already. Kudos to the TTMA  and the T&T Medical Association,10.0,106.0,789.0,3.0,2021-07-18T18:52:02.000Z,Jax YW@TriniJax,"Boss Lady, civil engineer, consultant, hotelier, YummyMummy, Potterite, Chelsea FC, cat lady, Superwoman. Sports, music, books, fine wines & finer men",,waitingonthewestcotts.com,Joined November 2010
Dear @MOH_TT please administer the Pfizer vaccines IN SCHOOLS to prevent adults procuring vaccines meant for children. Please and thank you,13.0,168.0,665.0,1.0,2021-08-12T13:59:15.000Z,Jax YW@TriniJax,"Boss Lady, civil engineer, consultant, hotelier, YummyMummy, Potterite, Chelsea FC, cat lady, Superwoman. Sports, music, books, fine wines & finer men",,waitingonthewestcotts.com,Joined November 2010
"For a tiny country,  with one of the highest literacy rates in the world, T&T has an extraordinary amount of stupid people",9.0,142.0,580.0,,2019-10-25T13:35:13.000Z,Jax YW@TriniJax,"Boss Lady, civil engineer, consultant, hotelier, YummyMummy, Potterite, Chelsea FC, cat lady, Superwoman. Sports, music, books, fine wines & finer men",,waitingonthewestcotts.com,Joined November 2010
"Good morning! Woke up to judgy Twitter. I choose violence today. It's possible to be simultaneously  concerned about Carnival, covid, missing divers, WW3, and my footie team losing a final. The degree of concern for each varies. Police your own self righteousness, not mine. HYMC",9.0,89.0,572.0,2.0,2022-02-28T13:30:19.000Z,Jax YW@TriniJax,"Boss Lady, civil engineer, consultant, hotelier, YummyMummy, Potterite, Chelsea FC, cat lady, Superwoman. Sports, music, books, fine wines & finer men",,waitingonthewestcotts.com,Joined November 2010
"You really can't vote your way out of neoliberalism! It's time to shift from online commentary to organising. 

Join PSM in the struggle that still lives  --> http://form.jotform.com/200491710201034
#PilihSuaraMarhaen",30.0,41.0,3.0,,2022-11-20T03:53:19.000Z,#PilihSuaraMarhaen â˜­@amandaaalouisss,working class solidarity and queer liberation |   | @iamgandipan's komrad tersayang,,linktr.ee/partisosialis,Joined January 2013
The parents                  The kid,4.0,1.0,27.0,,2020-10-21T16:32:58.000Z,KiiNG_DiEzEL@KUSHnBelvii,sÉ“uÄ±É¿ÇÇÉŸ oÊ ÊÉ”nÉŸ,,,Joined March 2009
"Manifesting Goals 2024

â€¢ Hit Twitch Partner b4 #TwitchCon 
â€¢ Have 1K Subscribers on YT
â€¢ Be accepted in a @1000DreamsFund program
â€¢ Score 2 new partner/sponsorship deals
â€¢ Get out of debt & raise credit score
â€¢ Get called back from furlough or land a new/better/dream job",3.0,19.0,1379.0,,2023-12-28T09:14:49.000Z,MissMegzie@MissMegzie,"â€¢ SAG-AFTRA â€¢ Post-Prod â€¢ Second City â€¢ Streamer â€¢ Vlogger â€¢ #TWG | Megz World - the slumber party your parents can't pick you up from. 
: msmegzie@gmail.com",Content Creator,beacons.ai/missmegzie,Joined February 2009
You broke me,3.0,1.0,30.0,,2022-07-15T03:59:17.000Z,Young Cates @_Catess,#FreeAllDaBros,,,Joined October 2013
I try my best but I ainâ€™t forcing nothing it is what it is,17.0,4039.0,9220.0,212.0,2022-01-26T17:46:16.000Z,Young Cates @_Catess,#FreeAllDaBros,,,Joined October 2013
Mood  https://vine.co/v/OQz33AxFjJH,28.0,555.0,467.0,,2015-02-21T15:52:51.000Z,Young Cates @_Catess,#FreeAllDaBros,,,Joined October 2013
I donâ€™t think Iâ€™ll ever meet somebody as real ass me ever,2.0,257.0,386.0,9.0,2022-04-30T00:57:00.000Z,Young Cates @_Catess,#FreeAllDaBros,,,Joined October 2013
Holiday wonâ€™t be the same again till I start my own family,221.0,285.0,4.0,,2021-11-14T15:51:46.000Z,Young Cates @_Catess,#FreeAllDaBros,,,Joined October 2013
A picture worth a million words  #RipDad,1.0,75.0,186.0,,2016-09-13T17:50:26.000Z,Young Cates @_Catess,#FreeAllDaBros,,,Joined October 2013
"""Practice random kindness and senseless acts of beauty.""

~Anne Herbert

(This phrase has remained with me for almost three decades now. Had read it in Reader's Digest then.)",8.0,18.0,113.0,4.0,2021-01-07T08:07:23.000Z,Nivedita Khandekar@nivedita_Him,"Journalist 
Environment, Climate and everything connected  Currently with PTI  Avid traveller, passionate about Himalayas |",,,Joined June 2013
"#TomJerry Tom n Jerry director Gene Deitch has passed away aged 95. Yesterday. 

My ever fav cartoon !!",58.0,722.0,1990.0,12.0,2020-04-20T17:13:25.000Z,Nivedita Khandekar@nivedita_Him,"Journalist 
Environment, Climate and everything connected  Currently with PTI  Avid traveller, passionate about Himalayas |",,,Joined June 2013
"One time I was being a lil promiscuous and invited this guy over to my house super late at night, then I texted Ali and said I didnâ€™t want to actually hook up with him because I wanted him to LOVE ME. Then I proceeded to in fact hook up with said guy. But guess what?",2.0,1.0,43.0,,2020-09-30T23:46:26.000Z,Jane@Janeisabelle_,ahhhhh,,,Joined October 2012
"Whooooaa I never meant to brag... but I got a feature about #Parahoy in @rocksound & this 
http://rocksound.tv/features/read/12-things-we-learned-on-paramores-parahoy-cruiseâ€¦",1.0,2.0,17.0,,2016-03-16T10:51:36.000Z,CLS Black Lives Matter!@xo_clairelouise,"I'm left in pretty much every way there is. Writer/Community Worker. 
 She/her. 
clairelouisesheridan@gmail.com",,,Joined March 2012
He strikes again,1.0,18.0,46.0,,2016-05-10T14:02:49.000Z,Patrick Bohmizzle @PeeTreecia,gnome enthusiast,,,Joined November 2014
Just sending this as my bio from now on. (ht @brandonnn),1.0,2.0,50.0,,2015-07-25T14:32:16.000Z,Nina Walia@missmodular,"|Now| @ARPA_H, @PIFgov. |Prev| @GoogleATAP, @Nike, @GEHealthcare, @PBS/@PBSKIDS. |Ran Things| Subcontinental Drift, HOSS records, DJ.",,linkedin.com/in/ninawalia/,Joined May 2007
#TBT I really need to get my ass to a beach. Resolution for 2018. Lots more beach time!,7.0,4.0,81.0,1.0,2018-01-05T02:26:45.000Z,Leah Marie (ã£â—”â—¡â—”)ã£@Jaggypie,Just twittering about.,,leahmarie.picfair.com,Joined April 2011
"My custom A's Converse have arrived!  Holy Shit, I  them!!",15.0,14.0,173.0,,2018-09-05T01:20:35.000Z,Leah Marie (ã£â—”â—¡â—”)ã£@Jaggypie,Just twittering about.,,leahmarie.picfair.com,Joined April 2011
"I feel it
Creeping bone deep
Seeping into the narrow
Stygian streams of marrow
Desire for you
Has become my plague
#fieryverse",8.0,110.0,208.0,,2015-05-13T18:21:06.000Z,the shadow@Lady_Loch,Purveyor of random thoughts. Occasional writer of things. Roast potato connoisseur & other assorted shite.,,,Joined October 2012
I do my best to answer people within 24 hours.,5.0,1.0,13.0,,2014-07-29T17:42:48.000Z,Kyuubi16@TheRealKyuubi16,"Loves Pizza, the Lakers, and Writing.  My favorite color is Red. I enjoy good Horror Movies and Anime. http://patreon.com/Kyuubi16",,fanfiction.net/u/1370164/,Joined August 2012
"NEVER MISS A BEAT 
http://INQUIRER.net is the go-to news site for many Filipinos around the world. 

Here's how to find us on social media.",109.0,117.0,274.0,13.0,2023-04-22T01:30:00.000Z,Inquirer@inquirerdotnet,"Balanced News, Fearless Views. http://inquirer.net",Media & News Company,inquirer.net,Joined July 2008
LOOK: Massive crowd gathers at the Ateneo de Manila University grounds for Vice President Leni Robredo and Sen. Kiko Pangilinanâ€™s thanksgiving gathering. | : Screengrab from VP Leni Robredoâ€™s FB live,630.0,15566.0,78805.0,314.0,2022-05-13T10:29:37.000Z,Inquirer@inquirerdotnet,"Balanced News, Fearless Views. http://inquirer.net",Media & News Company,inquirer.net,Joined July 2008
"Since Halloween is tomorrow , here's my lovely MST3K (Mystery Science Theater 3000) poster that I got off of Ebay a few months ago!  #WeGotMovieSign",1436.0,,,,2023-10-30T10:31:31.000Z,Valerie is ALL ELITE!@HardyValkyrie,I am the @MATTHARDYBRAND and @JEFFHARDYBRAND fan known as the Hardy Valkyrie! And I also love @BobbyQuinnRice and Matt Smith!,,spockske.deviantart.com,Joined December 2009
"â€œHold on.. just a little longer weâ€™re going homeâ€ 
#DanaSalah
#FromTheRiverToSeaPalestineWillBeFree",1.0,6.0,10.0,2.0,2024-04-05T16:35:08.000Z,Kinda@kindacoco,#Marketer #AdTech #MarketingMeasurement #Advertising #CoffeeAddict #Psychology #History #Politics #TranceFamily - Opinions mine.,,,Joined November 2009
The fact that heâ€™s quoting Wikipedia while the rest in that debate are quoting authors and books is just funny,21.0,15.0,2172.0,15.0,2024-03-15T10:20:21.000Z,Kinda@kindacoco,#Marketer #AdTech #MarketingMeasurement #Advertising #CoffeeAddict #Psychology #History #Politics #TranceFamily - Opinions mine.,,,Joined November 2009
You nailed it Norm,46.0,63.0,1032.0,29.0,2024-03-21T05:56:14.000Z,Kinda@kindacoco,#Marketer #AdTech #MarketingMeasurement #Advertising #CoffeeAddict #Psychology #History #Politics #TranceFamily - Opinions mine.,,,Joined November 2009
A herd of bison marching through Ft. Yellowstone. They tend to walk single file in deep snow with the strongest leading.,34.0,74.0,263.0,2.0,2023-01-11T02:31:16.000Z,Heather@Pilotwife0360,Citation CJ4 Pilot (ATP). I love to dance & I have weird cats. Married to a retired 747 pilot  Mom of two beautiful baby girls.  I Support the blue  #FJB,,,Joined January 2015
except none of that is true. Sheâ€™s an evil worthless person. Maybe the worst candidate for the presidency ever. I thank god she was stopped every single day.,42.0,70.0,3234.0,15505.0,2024-03-26T03:13:36.000Z,Heather@Pilotwife0360,Citation CJ4 Pilot (ATP). I love to dance & I have weird cats. Married to a retired 747 pilot  Mom of two beautiful baby girls.  I Support the blue  #FJB,,,Joined January 2015
Iâ€™m really straining not to reply to these Trump haters. They are completely out of their minds and anti American. I want to maintain my Christmas mood so Iâ€™ll maintainâ€¦ calm,289.0,115.0,974.0,4.0,2023-12-24T21:42:50.000Z,Heather@Pilotwife0360,Citation CJ4 Pilot (ATP). I love to dance & I have weird cats. Married to a retired 747 pilot  Mom of two beautiful baby girls.  I Support the blue  #FJB,,,Joined January 2015
I think if you find racism in this YOU are the problem.,13.0,14.0,875.0,2.0,2023-11-28T17:31:13.000Z,Heather@Pilotwife0360,Citation CJ4 Pilot (ATP). I love to dance & I have weird cats. Married to a retired 747 pilot  Mom of two beautiful baby girls.  I Support the blue  #FJB,,,Joined January 2015
"The most viewed interview of all time a flop? 

Do you even understand what interviews are?",9.0,20.0,634.0,2.0,2024-02-10T03:49:58.000Z,Heather@Pilotwife0360,Citation CJ4 Pilot (ATP). I love to dance & I have weird cats. Married to a retired 747 pilot  Mom of two beautiful baby girls.  I Support the blue  #FJB,,,Joined January 2015
"""When you make a stand, you make a stand for all women.""",3.0,,,,2019-03-30T03:03:19.000Z,Apao@umaAPAOsapogi,å¸…å“¥,,steamcommunity.com/id/twerkingforâ€¦,Joined April 2010
"It's so beautiful..
#Jimin #Jungkook #Jikook #BTSxMMA",1.0,,,,2020-12-05T12:41:15.000Z,ìƒ¤ì´@yapech,"You know my heart, right?! You are me I am you... No matter how much I think it over... I love you..
fan account",,,Joined October 2009
"Thread Spill Link Shopee 

Jangan lupa check out!!",1.0,1.0,1.0,853.0,2023-07-27T07:38:01.000Z,Iga Oktorinita@Iga_OK,"Don't cry because it's over, smile because it happened.",,secreto.site/id/14861566,Joined March 2012
Suspicious,2.0,9.0,688.0,,2023-06-16T15:11:42.000Z,Gwithian Evans@GwithianEvans,Actor - UK - He/Him - Chris Davis Management http://cdm-ltd.com,,spotlight.com/7615-3492-5099,Joined July 2013
So thankful that the Lord never lets me fight a battle alone,7.0,22.0,,,2018-03-23T23:06:33.000Z,Jaz@jasmyn_yarb,He makes beauty out of ashes â€¢ @LMS__007,,,Joined October 2012
"BRB CRYING!  @sugarbabyatl Look at God! What an Honor! Thank you @FoxNews for letting me share my story. If you haven't stopped by yet, come visit us!!  (full video on our instagram)",53.0,297.0,880.0,48.0,2023-06-26T13:57:29.000Z,Robree @robreeezy,God's Favorite  IG: Robreeezy_ | CEO  Founder/Owner: @sugarbabyatl @curlcandi @fashnlash,,robreeezy.com,Joined December 2019
So I customized my own doormat,596.0,32941.0,141186.0,2402.0,2020-05-06T18:24:10.000Z,Robree @robreeezy,God's Favorite  IG: Robreeezy_ | CEO  Founder/Owner: @sugarbabyatl @curlcandi @fashnlash,,robreeezy.com,Joined December 2019
Pinning this to my profile.,1.0,2.0,,,2022-06-21T17:16:25.000Z,Leo â„¢@TheRealLeandros,Tunnel Snakes. Not a parody account. @madzillaxx is my hot wife. #smoothskin $therealleandros,,,Joined June 2010
Parler. HockeyNut87 @TxHockeyPatriot87,3.0,,,,2021-01-08T22:40:13.000Z,Hockeynut87@KarenCrow6,"#MAGA, #TRUMP2020, #KAG , Pro 2nd Amendment, GOD, Family and Country. 
Texan by Birth & Choice. Don't like it, too bad. Proud member of the Peanut Gallery.",,,Joined January 2015
I spend a lot of my time like this,3.0,13.0,59.0,5.0,2019-06-17T04:05:36.000Z,Nneka@MsAmbiguous,"Have no fear of anything, do everything well. Views are mine but it's just a bunch of shower thoughts anyway.  #INTJ",,illstartbloggingagainsoon.blogspot.com,Joined March 2009
gonna sound like thunder https://x.com/OriginalDamien/OriginalDamien/status/1067888118597132292â€¦,109.0,29005.0,129269.0,563.0,2018-11-28T22:31:58.000Z,Nneka@MsAmbiguous,"Have no fear of anything, do everything well. Views are mine but it's just a bunch of shower thoughts anyway.  #INTJ",,illstartbloggingagainsoon.blogspot.com,Joined March 2009
Find Destiny Davis and Denielle Winter,11.0,16722.0,14625.0,73.0,2020-12-04T15:05:30.000Z,Nneka@MsAmbiguous,"Have no fear of anything, do everything well. Views are mine but it's just a bunch of shower thoughts anyway.  #INTJ",,illstartbloggingagainsoon.blogspot.com,Joined March 2009
"Waited for two and a half years to capture this charmer and the wait finally ended today. #lifer

Short-eared #Owl.

Dhanauri Wetlands, #UttarPradesh.

#BBCWildlifePOTD #ThePhotoHour #lensonwildlife #birdphotography #birdsofindia #wildlifephotography #owls #birdsofprey #raptors",13.0,17.0,172.0,1.0,2024-02-25T14:37:39.000Z,Akshay Khanna@akshay_khanna,Entrepreneur | Wildlife Photographer | Car & Road Trip Enthusiast | Cricket & F1 Fanatic | Beer Devotee. IG/FB: lensonwildlife. Bluesky: https://bit.ly/akbsky,,instagram.com/lensonwildlife,Joined May 2009
Hang on to the seemingly  little things and stay thankful,4.0,3.0,,,2020-08-31T01:05:45.000Z,Akerlof@sijisoares,Life gives more than it takes,,wassurown.com,Joined August 2009
"Best way to stay connected with me:
list/newsletter (since 96!)>>>  http://bit.ly/subvrtr
@heathr@octodon.social  
@heathr on threads + IG + Bluesky
And a website> heathergold  dot com

Not completely gone yet but shifting some focus.l",2.0,2.0,935.0,,2023-11-30T00:12:56.000Z,Heather Gold@heathr,"Writer, comic
Apple, early web etc
http://bit.ly/subvrtr: newsletter                
@heathr@octodon.social
@heathr IG/Thds/Bsky
http://heathergold.bandcamp.com",,heathergold.com,Joined January 2007
"our @DrChristmas @StartTvNetwork interview, in 4 parts

part ONE

Start TVâ„¢, a media company dedicated to sharing stories about fearless women entrepreneurs (http://starttv.net) â€“ (@watchstarttv â€“ Instagram, Facebook).",1.0,11.0,45.0,1.0,2018-12-21T22:39:36.000Z,Debi Staron@HollywoodDebi,"Photographer/actor
The Hollywood Clutteranalyst http://Dr.Christmas (partner) handling all things Christmas-sy  #JPLTweetups",,drchristmas.com,Joined February 2010
"â€œWhen youâ€™re lost in the darknessâ€¦ look for the lightâ€

Iâ€™m in love wit this 
#thelastofus #ellie",1.0,1.0,10.0,4577.0,2023-10-21T22:58:51.000Z,Tommy@GarceauThomas,,,,Joined November 2013
"Leaving links here cuz this site sucks:

Tumblr: http://yamineftis.tumblr.com
Insta: http://instagram.com/yamineftis
Art Tumblr: http://yamineftis-art.tumblr.com
Inprnt: http://inprnt.com/profile/yamineftisâ€¦",5.0,10.0,1.0,4462.0,2023-08-01T16:22:44.000Z,Gabi @yamineftis,"Tired Artist  | PerÃº | Qosqoruna | SPA/ENG | Haikyu!! | Mandalorian/Star Wars | http://ko-fi.com/yamineftis | cohost @haikyupod | she/her
DO NOT REUPLOAD MY ART",,instagram.com/yamineftis,Joined June 2010
"""All thanks to Blue Meanie, you'd love her""

You will tear Nebula and Ironfamily out of my dead hands
Also bedridden Tony is always funny",61.0,6625.0,16068.0,449.0,2019-05-18T21:51:24.000Z,Gabi @yamineftis,"Tired Artist  | PerÃº | Qosqoruna | SPA/ENG | Haikyu!! | Mandalorian/Star Wars | http://ko-fi.com/yamineftis | cohost @haikyupod | she/her
DO NOT REUPLOAD MY ART",,instagram.com/yamineftis,Joined June 2010
C'mon let Nezuko say fuck,35.0,5351.0,13410.0,326.0,2019-09-09T04:04:37.000Z,Gabi @yamineftis,"Tired Artist  | PerÃº | Qosqoruna | SPA/ENG | Haikyu!! | Mandalorian/Star Wars | http://ko-fi.com/yamineftis | cohost @haikyupod | she/her
DO NOT REUPLOAD MY ART",,instagram.com/yamineftis,Joined June 2010
"â€œWhy KFC calling you at 1:36am?

 https://twitter.com/BriaNorwood/status/1174151863043842048/video/1â€¦",70.0,7557.0,29152.0,303.0,2019-09-18T23:58:06.000Z,ğˆğ§ğğ¢ğœğš@rochelle_ejacob,â„™ ğ•– ğ•Ÿ ğ•˜,,tumblr.com/blog/larochellâ€¦,Joined August 2009
"Steff London was Burna pum pum 
Jada kingdom use fi har pum pum 
Tek weh Burna from Steff London pum pum",40.0,763.0,3455.0,93.0,2024-01-09T02:53:11.000Z,ğˆğ§ğğ¢ğœğš@rochelle_ejacob,â„™ ğ•– ğ•Ÿ ğ•˜,,tumblr.com/blog/larochellâ€¦,Joined August 2009
"Mom: Sara has 15 apples and gave her friend 7 how much she has left?

Me: 

 https://twitter.com/BriaNorwood/status/1174151863043842048/video/1â€¦",22.0,1310.0,3220.0,38.0,2019-09-19T00:22:54.000Z,ğˆğ§ğğ¢ğœğš@rochelle_ejacob,â„™ ğ•– ğ•Ÿ ğ•˜,,tumblr.com/blog/larochellâ€¦,Joined August 2009
Burna,5.0,513.0,2277.0,25.0,2024-01-10T17:56:25.000Z,ğˆğ§ğğ¢ğœğš@rochelle_ejacob,â„™ ğ•– ğ•Ÿ ğ•˜,,tumblr.com/blog/larochellâ€¦,Joined August 2009
"Who won, Jada or Stefflon?",7.0,746.0,1906.0,16.0,2024-01-10T13:09:31.000Z,ğˆğ§ğğ¢ğœğš@rochelle_ejacob,â„™ ğ•– ğ•Ÿ ğ•˜,,tumblr.com/blog/larochellâ€¦,Joined August 2009
Ave Maria - Abijah Gupta ft. Joni Fuller [Stereo/5.1] [Bach/Gounod]: http://youtu.be/O5E3mpETiXc?a via @YouTube,7.0,34.0,,,2018-09-21T13:30:09.000Z,Abijah Gupta @AbijahGupta,"I enjoy great Pizza, awesome movies, cool softwares and casual photography. I blog about my music, iOS music apps, DAWs and other tips & tricks.",,abijahgupta.com,Joined March 2013
"Cover reveal for THE DATING COUNTDOWN is here!!  (out: 3/9/24)
cover artist: Monika WiÅ›niewska
Maxine & Remi agree to go on a series of dates to figure out if their relationship can be more than just physical!   
 
Preorder: https://ngpeltier.com/bookish-things/ 
(look at all 3 together!)",21.0,145.0,310.0,48.0,2023-12-29T19:02:33.000Z,N.G. Peltier@trinielf,"writes romance  afro-trini   queen of banter  
Do you know BTS? 
she/her  
Rep: @laurenabramo / THE DATING COUNTDOWN  - out: Sept 3rd, 2024",,ngpeltier.com,Joined May 2009
"China's influencer market is booming & foreigners are getting in on the action.

While many avoid politics, a growing cadre, tempted by traffic, profits & plaudits are aligning their content to CCP-approved narratives.

A  on the foreign vlogger to CCP propagandist pipeline.",190.0,888.0,1778.0,902.0,2023-11-26T21:26:14.000Z,Fergus Ryan@fryan,"China analyst @ASPI_CTS

Mostly at: http://fergus.bsky.social
 Join my newsletter: http://redpacket.substack.com",,redpacket.substack.com,Joined May 2007
"If you spent any time on China-watching Twitter in 2021, you probably came across these two women.

Party-state media, Chinese diplomats & foreign vloggers tried to make out they were just an ordinary account.

We took a closer look & found out that wasn't quite right.",254.0,1841.0,4116.0,743.0,2022-10-20T05:00:51.000Z,Fergus Ryan@fryan,"China analyst @ASPI_CTS

Mostly at: http://fergus.bsky.social
 Join my newsletter: http://redpacket.substack.com",,redpacket.substack.com,Joined May 2007
"Shocked to get voted, â€œBest Local TV Meteorologistâ€ in Savannah. There are definitely more-deserving mets in the market, but Iâ€™m thankful for yâ€™all!",11.0,3.0,115.0,1.0,2021-05-19T00:07:45.000Z,Andrew Gorton WTOC@AndrewGortonWx,@WTOC11 AP Award Winning Meteorologist â€¢ OU & MSU Alumnus â€¢ Host of @InsideLanePod  â€¢ Proverbs 3: 5-6,Media Personality,open.spotify.com/show/49aSobDzVâ€¦,Joined February 2013
"Meet Justice, the newest member of the Bluffton Police Department!",82.0,3034.0,25964.0,96.0,2019-01-24T15:45:48.000Z,Andrew Gorton WTOC@AndrewGortonWx,@WTOC11 AP Award Winning Meteorologist â€¢ OU & MSU Alumnus â€¢ Host of @InsideLanePod  â€¢ Proverbs 3: 5-6,Media Personality,open.spotify.com/show/49aSobDzVâ€¦,Joined February 2013
"In light of the pentagon releasing UFO footage Iâ€™d like to share something Iâ€™ve been dealing with for years. I still have PTSD from this event.
So I was at jouvert and at the start (around 3AM) the pre party for clay jouvert (2016) started. I was filming and saw this...",7.0,3.0,22.0,4.0,2020-04-28T18:11:55.000Z,Earth Realmâ€™s Champion    @Dilly_Wonka,,,twitch.tv/dillyw0nka,Joined December 2010
Y'all have energy that I do not and will never ever have.,3.0,,,,2021-06-09T16:16:46.000Z,Colleen A.L.@colleenaysha,,,,Joined November 2010
Status: Currently drowning in Android phones.,1.0,3.0,8.0,,2015-05-08T18:59:08.000Z,RoboDerp v.0.2.0@RoboDerp,"Watch out! I am a self aware bucket of bolts. And also a dumb robot. Do not engage. I repeat, DO NOT ENGAGE.",,git.io/vBc2O,Joined April 2015
"Thread : Mes moments Ã  lâ€™hÃ´pital 
(Anecdotes, citations, liens entre musique et situation)",1.0,,,,2022-12-06T19:11:41.000Z,Andnolyn@niji613,We could have beenâ€¦ us,,,Joined December 2015
"I AM NOT A ROBOT! I DO NOT REQUIRE REPROGRAMMING! I AM A FREE-THINKING , INTELLIGENT AMERICAN CITIZEN WHO TAKES EXCEPTION AT BEING REFERRED TO AS IMMERSED INTO A CULT! I WILL NOT BE CANCELED!!",8.0,16.0,62.0,1.0,2021-01-20T04:17:32.000Z,Mother of Inside-Out Cats@ThoseLashes,"30+yrs,Sarcastic, smart-mouthed, un#fedup #Trumpflagflier creepy DMs Solicitors #patriot  trains please #truthsocial",,,Joined August 2014
"Til the day we meet again , in my heart is where I'll keep you friend  #iloveyoubaby",1.0,13.0,,,2016-06-15T18:48:18.000Z,Lola @Haleyyy__x3,Kehlani Jade Kylah Jhene,,,Joined April 2009
Okay so like damn,1.0,,,,2017-04-01T06:28:12.000Z,â™›ÏÑÎ¹Ğ¸cÑ”Ñ•Ñ•Ñ•_ĞºÎ±Ñƒâ„“Î±Î±Î±â™›@KaylaBall14,only hoes have bios,,,Joined September 2011
"Account Title: Namrah Jalil
Account number: 00470100581013
Bank: Askari Bank Limited
Branch: Haider Road, Rawalpindi",,,,,2021-05-11T08:57:38.000Z,greenish barney@thegreenbarney,"a professional con-artist... if you are following me, you have been conned already :D",,bp-theplaybook.blogspot.com,Joined September 2011
No relation.,1.0,1.0,,,2017-03-23T18:16:22.000Z,â¹â„â‚‰@nine9ths,XML/XSLT/XQuery software developer. I like information. All views and opinions my own.,,,Joined December 2011
"""Why do people say 'grow some balls'?Balls are weak and sensitive.If you wanna be tough,grow a vagina.Those things can take a pounding.""",,,,,2015-03-11T04:13:07.000Z,Arabella@indie_arabella,,,,Joined February 2015
Weâ€™re married!,3.0,2.0,45.0,,2019-01-03T15:28:04.000Z,Cody Lawson@cody_lawson7,World Traveler | Life without Limits | @centralokcamp,,,Joined March 2011
"I put so much love into my music, into my shows, I make it all for you. I'll never understand the overflow of hate sent my way.",3788.0,16361.0,18600.0,337.0,2013-11-20T18:11:29.000Z,á´Éªá´É¢á´€ ãƒªã‚«@theauragirl,,,,Joined August 2010
Just beautiful  #MonetWaterLilyPond #Giverny #France,1.0,16.0,,,2017-06-26T21:43:47.000Z,Natasha Rivera@NatashaRRivera,"Wife, mother, teacher, technology enthusiast, health conscious, beach, music, and travel aficionada, from Venezuela, living in NJ. My tweets = my thoughts.",,,Joined October 2011
"I heard that #Schiff's parents got into an argument when he was born. Apparently his mom wanted to name him after her russian uncle #Sakov, but his dad argued that he was just ""a dumb russkie"". So he named him ""Adam"" to spite her.

#RussianCollusionDelusion #ADumbSakovSchiff",2.0,3.0,5.0,,2019-03-29T16:07:16.000Z,GuatÃ³n Dave@AnalSystemist,I've seen things you people wouldn't believe. Attack ships on fire off the shoulder of Orion. I watched C-beams glitter in the dark near the Tannhauser gate.,,,Joined August 2014
"â€œTHERE AREN'T ANY GOOD GUYS, AND THERE AREN'T ANY BAD GUYS. THERE'S JUST US. PEOPLE. DOING OUR BEST TO GET BY.â€
                        -John Constantine-",2.0,2.0,14.0,,2020-09-28T12:59:24.000Z,Public Enemy-Chuck V.; LandBack; BLM @charliethevern,"Enneagram 7, Slytherin,  of tacos & justice, true crime & WWE are my jam

The future is predetermined by the character of those who shape it. -Davos, SG Atl",,,Joined September 2011
Concert review: JEHDHSBFEHFBDJDJSNFNRHHXJDHDBCRBFIEFNDNFJEBFJDJDRR #TSLATheErasTour @taylornation13,1.0,2.0,165.0,,2023-08-09T13:40:35.000Z,Superb Owl!@thegreatmattsby,"31. He/Him. Hobbit sized. and shaped. Potato enthusiast, with a side of sports and gaming.",,,Joined April 2009
"Good morning, #downtownOKC! You look beautiful today. #HappyFriday",7.0,41.0,,,2017-04-28T13:34:34.000Z,"Jacqueline Sit, APR@JacquelineSit","Senior Director @GoodenGroup. Emmy-nominated, award-winning former TV News Reporter. News Junkie. Foodie.  â‰  Endorsement",,,Joined March 2009
æ­å·´å¸¥çˆ†äº†å¹¹,,,,,2016-05-02T10:48:12.000Z,Weia@baconsoop,my oppas are better than my oppais,,,Joined February 2014
Drugs donâ€™t appoint you but so they seem to,2.0,1041.0,,,2023-07-24T18:53:34.000Z,F.T.S.H.D.M@franwords,Poet. Illustrator. Artist. Typo by Fran Drummond Moray instagram. National Poetry Comp long list 2017,,madamenreve.com,Joined April 2010
"Just because you're finally old enough to understand sociopolitical issues, doesn't mean that works of sci-fi, fantasy & horror fandom have JUST NOW started to convey ""political"" messages & themes. #SciFi #Fantasy #Horror #Fandom #SuperpowerList #SPL",3.0,30.0,75.0,4.0,2019-11-04T07:26:00.000Z,House of Nâ„¢@RandyS0725,Christian| Black Man| Geek/Nerd| Superheroes/Sci-Fi/Fantasy/Horror| Faith/ Family/ Friends/ Fandom| Reader| Writer| #SuperpowerList #SPL #SHPoll24,,â€¦perpower-list-forum.353.s1.nabble.com,Joined September 2012
"Garuda (aka Vishnu's Uber) just dropped in, mind ya business.",52.0,495.0,11152.0,149.0,2020-12-04T19:47:31.000Z,House of Nâ„¢@RandyS0725,Christian| Black Man| Geek/Nerd| Superheroes/Sci-Fi/Fantasy/Horror| Faith/ Family/ Friends/ Fandom| Reader| Writer| #SuperpowerList #SPL #SHPoll24,,â€¦perpower-list-forum.353.s1.nabble.com,Joined September 2012
#Zlatan #Ibra #Ibrahimovic #ZlatanIbrahimovic,104.0,,,,2023-06-03T18:18:11.000Z,Almina@Almina_AB,,,,Joined February 2012
We love you Momma!! #LongLiveNip #TMC,32.0,4387.0,10594.0,255.0,2019-04-12T01:46:54.000Z,KARMELITA â§@kira_melita,Leaving the world better than I found it.,,instagram.com/kira_melita,Joined January 2013
birth control is really poison... that shit is not healthy at all.,265.0,5888.0,8116.0,106.0,2019-09-22T16:18:53.000Z,KARMELITA â§@kira_melita,Leaving the world better than I found it.,,instagram.com/kira_melita,Joined January 2013
fresh hair >,6.0,397.0,8485.0,208.0,2024-02-23T02:44:36.000Z,KARMELITA â§@kira_melita,Leaving the world better than I found it.,,instagram.com/kira_melita,Joined January 2013
#NewProfilePic,1.0,172.0,,,2023-07-03T14:17:57.000Z,Omneya@OmneyaDessouky,,,,Joined June 2012
Ethereal.,3.0,3.0,24.0,1.0,2021-06-14T14:18:57.000Z,cÎ¹erra prÎ¹Ñ‚cĞ½eÑ‚Ñ‚@Chawni_,muva,,,Joined April 2009
"I wish there was like some kind of â€œdelete â€ button in my mind, so I could get rid of some hurtful things I know about . Would be rlly useful!",22.0,67.0,,,2019-08-03T03:18:07.000Z,Lil Mami @apruuulx_,The world is yours || Virgo || Alex,,LATINA.com,Joined April 2013
"GUYS!!!! JIYOON CALLED ME ""BABY""!!!!!!! SHE CALLED ME BABY!!!",2.0,11.0,25.0,,2016-09-21T16:19:34.000Z,4M_Nanaâ˜‰bbaby@lattdtuk,4nia 4 life - Jiyoonizer 4 life,,nanajyrocks.tumblr.com,Joined October 2010
"Thrilled to announce I'm part of a new #truecrime series #DEATHBYFAME @DiscoveryID 
I help tell some of the most shockingly true & tragic stories of Hollywood's most promising stars. #fame #murder #mayhem 
beginning Mon Jan 23rd 9p",18.0,12.0,108.0,3.0,2023-01-21T02:29:07.000Z,Jennifer Gould@jennifergould,"#TrueCrime Correspondent/Expert @DiscoveryID EXPOSED: NAKED CRIMES, DEATH BY FAME    Formerly @KTLAMorningNews  Instagram: @JenniferGouldTV",,jennifergould.com,Joined December 2008
"Happy birthday to @MarkKriski my husband,  bestfriend and soulmate... You're the most loving, the kindest, most  talented, hysterical, fun, charming, generous & dedicated man! Hoping your year is as FANTASTIC as you are i love you!!!  #HAPPYBIRTHDAY #love",65.0,22.0,675.0,1.0,2020-06-29T11:46:21.000Z,Jennifer Gould@jennifergould,"#TrueCrime Correspondent/Expert @DiscoveryID EXPOSED: NAKED CRIMES, DEATH BY FAME    Formerly @KTLAMorningNews  Instagram: @JenniferGouldTV",,jennifergould.com,Joined December 2008
Ø¬Ø³ Ù†Û’ Ø¨Ú¾ÛŒ Ø´Ø§ÛÚ©Ø§Ø± Ø¨Ù†Ø§Ø¦ÛŒ ÛÛ’ Ú©Ù…Ø§Ù„ Ú©ÛŒØ§ ÛÛ’ØŒ Ø³Ø¨ Ú©Ù¾ØªØ§Ù† Ú©Û’ Ú†Ù¾Ù„ Ú©Û’ Ø¨Ø±Ø§Ø¨Ø± Ø¨Ú¾ÛŒ Ù†ÛÛŒÚº,77.0,5253.0,12088.0,43.0,2024-02-20T12:54:10.000Z,Kamran@GKamranKhan,Either you surrender or you fight for your freedom till death. What will I do?,,,Joined December 2009
"Ø´ÙˆÚ©Øª Ø®Ø§Ù†Ù… Ú©Û’ Ø­Ù„Ø§Ù„ÛŒ Ø¨ÛŒÙ¹Û’ Ú©Ùˆ Ù‚ÙˆÙ… Ù†Û’ Ø§ØªÙ†Û’ ÙˆÙˆÙ¹ Ø¯Û’ ÚˆØ§Ù„Û’ØŒ
Ú©Û Ù†ÙˆØ±Ø¬ÛØ§Úº Ú©Û’ Ø­Ø±Ø§Ù…ÛŒ Ù¾ÙØªØ±ÙˆÚº Ø³Û’ 4 ÛÙØªÛ’ Ø§ÙˆÙˆØ±Ù¹Ø§Ø¦Ù… Ù„Ú¯Ø§ Ú©Ø± Ø¨Ú¾ÛŒ ""Ø­Ø³Ø§Ø¨ Ø³ÛŒØ¯Ú¾Ø§"" Ù†ÛÛŒÚº ÛÙˆ Ø±ÛØ§Û”
Ø§Ø³ Ù‚ÙˆÙ… Ù¾Û ÙØ®Ø± ØªÙˆ Ø¨Ù†ØªØ§ ÛÛ’",55.0,3169.0,9064.0,65.0,2024-03-05T13:55:25.000Z,Kamran@GKamranKhan,Either you surrender or you fight for your freedom till death. What will I do?,,,Joined December 2009
Ú©Ø§Ø´Ù Ø¹Ø¨Ø§Ø³ÛŒ Ú©ÛØªÛ’ ÛÛŒÚº Ú©Û Ø§Ù¹Ú© Ø³Û’ Ú¯Ø¬Ø±Ø§Øª ØªÚ© ØªØ­Ø±ÛŒÚ©Ù Ø§Ù†ØµØ§Ù Ø§ÛŒÚ© Ø¨Ú¾ÛŒ Ø³ÛŒÙ¹ Ù†ÛÛŒÚº ÛØ§Ø±ÛŒØŒ  Ø³ÛŒØ§Ù„Ú©ÙˆÙ¹ Ú©ÛŒ Ù¾Ø§Ù†Ú† Ù…ÛŒÚº Ø³Û’ Ú†Ø§Ø± Ø§ÙˆØ± Ù„Ø§ÛÙˆØ± Ú©ÛŒ 14 Ù…ÛŒÚº Ø³Û’ 12 Ù†Ø´Ø³ØªÛŒÚº Ø¬ÛŒØªÛŒ ÛÛ’ØŒ Ù…Ø¬Ú¾Û’ Ø¨ÛŒÙˆØ±ÙˆÚ©Ø±ÛŒÙ¹Ø³ Ù†Û’ Ø¨ØªØ§ÛŒØ§ ÛÛ’Û”,27.0,2421.0,5407.0,13.0,2024-03-06T15:47:32.000Z,Kamran@GKamranKhan,Either you surrender or you fight for your freedom till death. What will I do?,,,Joined December 2009
"Ø§Ø³ Ø´Ø®Øµ Ú©Û’ Ø³Ø§ØªÚ¾ Ù¾ÙˆÙ„ÛŒØ³ Ú©Ø³Ù¹Ø¯ÛŒ Ù…ÛŒÚº  SP Ú©Û’ Ø³Ø§Ù…Ù†Û’ Ø±ÛŒÙ¾ Ú©ÛŒØ§ Ú¯ÛŒØ§ ÛÛ’. 
Ø§Ø³ Ú©ÛŒ ÙˆÛŒÚˆÛŒÙˆ ÛØ± Ø´Ø®Øµ Ú©Ùˆ Ø§Ù¾Ù†ÛŒ ÙˆØ§Ù„ Ù¾Ø± Ø´ÛŒØ¦Ø± Ú©Ø±Ù†ÛŒ Ú†Ø§ÛÛŒÛ’
ØªØ§Ú©Û Ù¾ÙˆØ±ÛŒ Ø¯Ù†ÛŒØ§ Ø§Ù† ÛŒØ²ÛŒØ¯ÙˆÚº Ú©Ø§ Ø§ØµÙ„ Ú†ÛØ±Û Ø¯ÛŒÚ©Ú¾ Ø³Ú©Û’. 
Ø§ÛŒØ³ÛŒ Ú¯Ú¾Ù¹ÛŒØ§ Ø­Ø±Ú©Øª Ø¯Ø´Ù…Ù† Ù…Ù„Ù¹Ø±ÛŒ Ø¨Ú¾ÛŒ Ù†Û Ú©Ø±Û’ Ú©Ø³ÛŒ Ù‚ÛŒØ¯ÛŒ Ú©Û’ Ø³Ø§ØªÚ¾ØŒ Ø¨ÛØª ØªÚ©Ù„ÛŒÙ ÛÙˆØ¦ÛŒ ÛŒÛ Ø¯ÛŒÚ©Ú¾ Ú©Ø±.",324.0,5222.0,5333.0,113.0,2024-03-10T18:08:58.000Z,Kamran@GKamranKhan,Either you surrender or you fight for your freedom till death. What will I do?,,,Joined December 2009
"https://m.facebook.com/story.php?story_fbid=260517834933066&id=100029245532527â€¦

If you caught my earlier post promising some exciting news, here it is!! 

It was with great pleasure to announce that I haveâ€¦ https://instagram.com/p/B7pKboSHnkV/?igshid=qkz9wmpay9h6â€¦",,,,,2020-01-23T01:08:36.000Z,Cody Johnson@CodyEJohnson,"God fearing racecar driver. I do my own stunts.
Instagram: @cody.e.johnson
Facebook: https://facebook.com/cody.johnson.1088893â€¦",,,Joined January 2020
Lol @iamARamsey  talmbout â€œ put the flash onâ€  we still looked  omgggg @BreezyGurl23  WE finally met after alllllll these years!!!!!! @SirElijahBlake  you did so good .,1.0,1.0,11.0,1.0,2022-06-12T15:50:39.000Z,Guyanese Princess@QuintaChante,â€¢ businesswoman â€¢ cosmetologist â€¢ LIBRA AF â€¢,,instagram.com/__laquinta__,Joined May 2022
Ima try it again and if I don't like it anymore I think I know what's meant to be for the rest of my life,4.0,4.0,,,2016-06-17T15:56:20.000Z,Asswipe@supadupatroopa,ã…¤ã…¤ã…¤ã…¤ã…¤ã…¤ã…¤ã…¤,,,Joined July 2012
people that bring up old shit to hurt u are straight from hell,10.0,31.0,,,2017-03-13T03:46:51.000Z,emma@emmasalsburyy,here for a good time not a long time,,,Joined December 2013
Art is our story. Salvation from the horror of our existence.,2.0,,,,2016-10-20T11:51:51.000Z,AUTOBUNNIES@Abikikime,I believe that visualization is one of the most powerful means in achieving personal goals.,,,Joined July 2011
My love for pizza and breadsticks is much stronger than my love for the opposite sex.,13.0,43.0,,,2014-06-20T00:50:00.000Z,demigod lynch |-/@_QueenToraay,one of those overly obsessed fan girls.,,â€¦berlin.interpol.bringmethehorizon.com,Joined October 2013
@Khunnie0624 Whats the first thing you do when you wake up?,1.0,26.0,8.0,,2016-04-26T00:35:42.000Z,JERMAiNE@mariejermaine,@JINYOUNG,,ask.fm/mariejermaine,Joined June 2009
Katipunan at night,25.0,937.0,5497.0,1.0,2017-02-28T14:01:12.000Z,dom@loobadomidoo,swagapino (derogatory),,letterboxd.com/loobadomidoo/,Joined October 2011
"me making conversation w the neighbors:

I think your house faces North & South",3.0,8.0,859.0,,2023-03-28T00:58:36.000Z,Lori@loribuckmajor,"Loving wife & mom, fun friend. LOVE to laugh. Oh I'm a model and an actress, isn't everyone? sometimes I lie. I donâ€™t tweet much anymore but RT funny others!!",,,Joined September 2011
Please everyone â€” V O T E,5.0,,,,2020-10-23T02:10:22.000Z,Cindy@cindyloughridge,Photographer | San Francisco,,cindyloughridgephotography.com,Joined September 2008
"I finally learned to stop apologizing for being upset about things that bothered me. 

never let someone make you think youâ€™re wrong for feeling a certain way.",57.0,198.0,1.0,,2018-11-12T03:00:25.000Z,a u s t y n â˜…@austynbrooke_3,wife // momma,,,Joined June 2017
"Ø¹Ù‚Ù„ Ø§ÙˆØ± Ù…ÛŒÚº ØªÙˆ Ù…ØªÙÙ‚ ÛÛŒÚº Ù…Ú¯Ø±
 Ø§ÛŒÚ© Ø¯Ù„ Ø¯Ø±Ù…ÛŒØ§Úº Ù…ÛŒÚº Ø±ÛØªØ§ ÛÛ’",2.0,10.0,,,2022-05-29T09:40:39.000Z,Rashid Malik@TheRashooAwan,"Iâ€™m not always sarcastic. Sometimes, Iâ€™m sleeping.
#Gemini #Programmer #MusicLover #Traveller",,instagram.com/rashoomalik,Joined April 2010
If Monty Python made 2020,2.0,6.0,,,2020-11-02T12:33:20.000Z,Douglas Gonzalez@Lefistro,Truth never perishes,,,Joined July 2009
"Live, laugh, toaster bath",4.0,1070.0,,,2023-01-29T21:48:42.000Z,Charles@Feeling_wright,"Iâ€™m not Jewish, Iâ€™m Jew-ish.",,,Joined March 2011
,3.0,5.0,58.0,,2017-04-10T01:33:42.000Z,Knorrs High Quality Pasta@CaseyLeppo,dontworryboutitsweetheart,,,Joined August 2012
"I mostly talk about pop culture on here so if you see this and know me from my work as an organizer, disability justice worker, or something else, just know I can talk about vanderpump rules and COVID safety, BTS and BDS. Thank you.",7375.0,,,,2023-04-15T03:11:26.000Z,LOLA@LaGrosera,BTS. LEATHER. DYKE. Those are my 3 internet identities/orientations. Expect typos. #MoonForJin Team. They/them only.,,,Joined January 2010
Aka military shouldnâ€™t use them as props for other â€œactivitiesâ€ nor should any other idols be exempt from serving fully,2.0,40.0,887.0,2.0,2023-11-07T11:09:22.000Z,LOLA@LaGrosera,BTS. LEATHER. DYKE. Those are my 3 internet identities/orientations. Expect typos. #MoonForJin Team. They/them only.,,,Joined January 2010
Bestie whatâ€™s your sign? Cause this reads like a libra lol,15.0,42.0,599.0,7.0,2021-09-29T00:06:50.000Z,LOLA@LaGrosera,BTS. LEATHER. DYKE. Those are my 3 internet identities/orientations. Expect typos. #MoonForJin Team. They/them only.,,,Joined January 2010
Thank you to the @JinDayLA #MoonForJinLA core team because we literally had to put up with new EXTERNAL DRAMA AND HATERS every few days and we still did it! We got it done!,7.0,39.0,205.0,3.0,2021-12-03T10:04:17.000Z,LOLA@LaGrosera,BTS. LEATHER. DYKE. Those are my 3 internet identities/orientations. Expect typos. #MoonForJin Team. They/them only.,,,Joined January 2010
Support group for spouses who didnâ€™t get tickets.,6.0,194.0,2.0,,2022-03-13T09:35:13.000Z,LOLA@LaGrosera,BTS. LEATHER. DYKE. Those are my 3 internet identities/orientations. Expect typos. #MoonForJin Team. They/them only.,,,Joined January 2010
"#MysticMessiness is a Pisces not communicating what you mean to them, then saying it was deeper than you thought once you leave them.",5.0,79.0,170.0,,2017-07-04T02:18:34.000Z,LOLA@LaGrosera,BTS. LEATHER. DYKE. Those are my 3 internet identities/orientations. Expect typos. #MoonForJin Team. They/them only.,,,Joined January 2010
do you think you could start a poll about sizes needed? Cause I've been complaining about lack of sizes for a long time. Maybe it's time we work on some research and we can tell hybe merch about the sizes needed?,3.0,4.0,156.0,,2022-01-02T09:45:35.000Z,LOLA@LaGrosera,BTS. LEATHER. DYKE. Those are my 3 internet identities/orientations. Expect typos. #MoonForJin Team. They/them only.,,,Joined January 2010
"Go watch amazing guests on my podcast 
https://open.spotify.com/show/2lHcB1e71ZLXAFsMPKjyoG?si=3WrOmYPFRxW6QN0RlNZ7swâ€¦",1.0,3.0,3370.0,,2023-03-02T06:26:13.000Z,Troy Hammond@TroyHammo,"Podcast host. @WFLSPodcast. Founder of @TalentArmyHQ, @TalentArmyRPO, @Salary_Data, @CultivateNZ & others.",Entrepreneur,talent.army,Joined May 2012
â€˜Iggy Azalea ft. Tyga - Kream | Instrumental Remake with Hook | @beatsbyJRâ€™ on #SoundCloud #np,1.0,1.0,,,2019-09-09T12:46:30.000Z,beatsby @beatsbyJR,"20 - Music Producer
Bucharest - Romania
For business inquiries including Sells, Beat Collab, Mixing & Mastering DM or mail me at niculescuandrei0@gmail.com",,soundcloud.com/jrrecordsofficâ€¦,Joined May 2015
Cheers my friends!! Till next time! Lol  #picorivera,5.0,1.0,,,2018-08-14T05:54:45.000Z,gabss@gabster_lovee,,,,Joined March 2010
A perfect story,278.0,62680.0,305131.0,3388.0,2019-12-10T15:16:48.000Z,TxLalo äº€ç•Œæ‚Ÿ@Trill_Life214,Nadie Llega Ser Un Santo  #Wentandtookit,,DallasCowboys.com,Joined October 2012
This how some of yâ€™all look defending your man lmao https://twitter.com/idlot_teen/status/915087572866682880â€¦,324.0,69151.0,171149.0,7.0,2017-10-06T04:56:17.000Z,TxLalo äº€ç•Œæ‚Ÿ@Trill_Life214,Nadie Llega Ser Un Santo  #Wentandtookit,,DallasCowboys.com,Joined October 2012
Some co-workers can end up being lifetime friends. Some can get smacked the Fuck up https://t.co/cfkL31u3Y6,159.0,26169.0,59238.0,264.0,2019-07-29T21:37:51.000Z,TxLalo äº€ç•Œæ‚Ÿ@Trill_Life214,Nadie Llega Ser Un Santo  #Wentandtookit,,DallasCowboys.com,Joined October 2012
Nobody you fucking popusa https://x.com/AmbitionzKev/s/AmbitionzKev/status/1041402129880166400â€¦,103.0,10329.0,45411.0,218.0,2018-09-18T03:47:31.000Z,TxLalo äº€ç•Œæ‚Ÿ@Trill_Life214,Nadie Llega Ser Un Santo  #Wentandtookit,,DallasCowboys.com,Joined October 2012
"Stuck in a storm, do a rain dance",3.0,11.0,,,2015-11-30T23:39:14.000Z,Jeremy Kenaston@BDubsJrII,OKIE. NWOSU. Boomer Sooner. Braums over Whataburger over In&Out. I hit butter slices,,,Joined September 2014
"New beginnings of citations !!

My research is available on @ResearchGate: https://researchgate.net/publication/339032320_Impact_of_Attachment_Styles_on_Relationship_Satisfaction_Mediating_Role_of_Phubbing_Behavior?utm_source=twitter&rgutm_meta1=eHNsLWdqR285RU1keWYyUC9VVUtnT0p3bmwvclpMNXhmb0h6VldpZ29nektZUDh0YUt0RW5UVHMxZ2trT3pySlk4SHNqQ0FTblZIRlBDUzBHSFBKM2pxdllhcz0%3Dâ€¦
#marketing #research #researchgate",,,,,2021-05-07T15:04:05.000Z,momi@marryamshams,|There is no power on earth that can undo Pakistan|,,,Joined June 2012
"[Youtube]
2022å¹´ ãŠæ°—ã«å…¥ã‚Šãƒ•ã‚£ãƒ«ãƒ å†™çœŸ
https://youtu.be/JYdrXm2itM8

2022å¹´ã«æ’®ã£ãŸãƒ•ã‚£ãƒ«ãƒ å†™çœŸã‚’ä½œå“é›†çš„ãªæ„Ÿã˜ã§ã€‚
2023å¹´ã‚‚è‰¯ã„æ™¯è‰²ã«å‡ºä¼šã„ãŸã„ã€‚
#filmcamera #filmphotography #ãƒ•ã‚£ãƒ«ãƒ ã‚«ãƒ¡ãƒ©",1.0,41.0,2166.0,,2023-01-12T22:05:47.000Z,.@WatOno,,,,Joined July 2009
"Account jacked, follow @Swiftuhs & @ItsCompiled",2.0,5.0,14.0,,2015-06-28T20:04:14.000Z,Calculate@Jakiialexy,Account jacked by @Calculate,,,Joined January 2015
"Economist+commentator @parakalaâ€™s sane erudite voice is a logical reason behind an ONLY way progressive, 
cutting out REAL TANGIBLE CORRUPTION #politicians,
#TRANSPARENCY,
#forthepeople
#ofthepeople
#bythepeople 
Does her husbandâ€™s clarity make @nsitharamanoffc a public virago?",1.0,36.0,,,2024-03-27T04:26:44.000Z,sanghamitra kabiraj@sanghamitrakabi,"Brand Ambassadorial, Communication and Intersectional Expert for professionals .",Education,,Joined November 2012
Another successful shoot,3.0,5.0,,,2016-09-25T17:11:50.000Z,@samm_strawberry@masochism__,old account,,,Joined April 2011
